-- phpMyAdmin SQL Dump
-- version 5.2.1
-- https://www.phpmyadmin.net/
--
-- Host: 127.0.0.1
-- Generation Time: Jul 24, 2025 at 06:14 AM
-- Server version: 10.4.32-MariaDB
-- PHP Version: 8.2.12

SET SQL_MODE = "NO_AUTO_VALUE_ON_ZERO";
START TRANSACTION;
SET time_zone = "+00:00";


/*!40101 SET @OLD_CHARACTER_SET_CLIENT=@@CHARACTER_SET_CLIENT */;
/*!40101 SET @OLD_CHARACTER_SET_RESULTS=@@CHARACTER_SET_RESULTS */;
/*!40101 SET @OLD_COLLATION_CONNECTION=@@COLLATION_CONNECTION */;
/*!40101 SET NAMES utf8mb4 */;

--
-- Database: `db_aed`
--

-- --------------------------------------------------------

--
-- Table structure for table `tb_answer`
--

CREATE TABLE `tb_answer` (
  `id_answer` int(11) NOT NULL,
  `id_input` int(11) DEFAULT NULL,
  `id_question` int(11) DEFAULT NULL,
  `jawaban` enum('Ya','Tidak') NOT NULL,
  `skor` tinyint(4) NOT NULL
) ENGINE=InnoDB DEFAULT CHARSET=utf8mb4 COLLATE=utf8mb4_general_ci;

--
-- Dumping data for table `tb_answer`
--

INSERT INTO `tb_answer` (`id_answer`, `id_input`, `id_question`, `jawaban`, `skor`) VALUES
(1, 1, 1, 'Ya', 1),
(2, 1, 2, 'Ya', 1),
(3, 1, 3, 'Tidak', 1),
(4, 1, 4, 'Ya', 1),
(5, 1, 5, 'Tidak', 0),
(6, 1, 6, 'Tidak', 1),
(7, 1, 7, 'Ya', 1),
(8, 1, 8, 'Ya', 1),
(9, 1, 9, 'Tidak', 1),
(10, 1, 10, 'Ya', 0),
(11, 2, 1, 'Ya', 1),
(12, 2, 2, 'Ya', 1),
(13, 2, 3, 'Tidak', 1),
(14, 2, 4, 'Ya', 1),
(15, 2, 5, 'Ya', 1),
(16, 2, 6, 'Tidak', 1),
(17, 2, 7, 'Ya', 1),
(18, 2, 8, 'Tidak', 0),
(19, 2, 9, 'Tidak', 1),
(20, 2, 10, 'Ya', 0),
(21, 3, 1, 'Ya', 1),
(22, 3, 2, 'Ya', 1),
(23, 3, 3, 'Ya', 0),
(24, 3, 4, 'Ya', 1),
(25, 3, 5, 'Ya', 1),
(26, 3, 6, 'Tidak', 1),
(27, 3, 7, 'Ya', 1),
(28, 3, 8, 'Ya', 1),
(29, 3, 9, 'Tidak', 1),
(30, 3, 10, 'Ya', 0),
(31, 4, 1, 'Ya', 1),
(32, 4, 2, 'Ya', 1),
(33, 4, 3, 'Tidak', 1),
(34, 4, 4, 'Ya', 1),
(35, 4, 5, 'Tidak', 0),
(36, 4, 6, 'Tidak', 1),
(37, 4, 7, 'Tidak', 0),
(38, 4, 8, 'Ya', 1),
(39, 4, 9, 'Ya', 0),
(40, 4, 10, 'Tidak', 1),
(41, 5, 1, 'Ya', 1),
(42, 5, 2, 'Ya', 1),
(43, 5, 3, 'Tidak', 1),
(44, 5, 4, 'Ya', 1),
(45, 5, 5, 'Tidak', 0),
(46, 5, 6, 'Tidak', 1),
(47, 5, 7, 'Ya', 1),
(48, 5, 8, 'Tidak', 0),
(49, 5, 9, 'Ya', 0),
(50, 5, 10, 'Ya', 0),
(51, 6, 1, 'Tidak', 0),
(52, 6, 2, 'Ya', 1),
(53, 6, 3, 'Tidak', 1),
(54, 6, 4, 'Ya', 1),
(55, 6, 5, 'Tidak', 0),
(56, 6, 6, 'Ya', 0),
(57, 6, 7, 'Tidak', 0),
(58, 6, 8, 'Ya', 1),
(59, 6, 9, 'Ya', 0),
(60, 6, 10, 'Tidak', 1),
(61, 7, 1, 'Ya', 1),
(62, 7, 2, 'Ya', 1),
(63, 7, 3, 'Tidak', 1),
(64, 7, 4, 'Ya', 1),
(65, 7, 5, 'Ya', 1),
(66, 7, 6, 'Tidak', 1),
(67, 7, 7, 'Ya', 1),
(68, 7, 8, 'Ya', 1),
(69, 7, 9, 'Tidak', 1),
(70, 7, 10, 'Tidak', 1),
(71, 8, 1, 'Ya', 1),
(72, 8, 2, 'Ya', 1),
(73, 8, 3, 'Tidak', 1),
(74, 8, 4, 'Ya', 1),
(75, 8, 5, 'Ya', 1),
(76, 8, 6, 'Tidak', 1),
(77, 8, 7, 'Ya', 1),
(78, 8, 8, 'Ya', 1),
(79, 8, 9, 'Ya', 0),
(80, 8, 10, 'Tidak', 1),
(91, 10, 1, 'Ya', 1),
(92, 10, 2, 'Ya', 1),
(93, 10, 3, 'Tidak', 1),
(94, 10, 4, 'Ya', 1),
(95, 10, 5, 'Ya', 1),
(96, 10, 6, 'Tidak', 1),
(97, 10, 7, 'Ya', 1),
(98, 10, 8, 'Ya', 1),
(99, 10, 9, 'Tidak', 1),
(100, 10, 10, 'Tidak', 1),
(111, 12, 1, 'Ya', 1),
(112, 12, 2, 'Ya', 1),
(113, 12, 3, 'Ya', 0),
(114, 12, 4, 'Tidak', 0),
(115, 12, 5, 'Tidak', 0),
(116, 12, 6, 'Tidak', 1),
(117, 12, 7, 'Ya', 1),
(118, 12, 8, 'Tidak', 0),
(119, 12, 9, 'Ya', 0),
(120, 12, 10, 'Ya', 0),
(121, 13, 1, 'Ya', 1),
(122, 13, 2, 'Tidak', 0),
(123, 13, 3, 'Tidak', 1),
(124, 13, 4, 'Ya', 1),
(125, 13, 5, 'Ya', 1),
(126, 13, 6, 'Ya', 0),
(127, 13, 7, 'Tidak', 0),
(128, 13, 8, 'Tidak', 0),
(129, 13, 9, 'Ya', 0),
(130, 13, 10, 'Ya', 0),
(131, 14, 1, 'Ya', 1),
(132, 14, 2, 'Ya', 1),
(133, 14, 3, 'Tidak', 1),
(134, 14, 4, 'Tidak', 0),
(135, 14, 5, 'Tidak', 0),
(136, 14, 6, 'Tidak', 1),
(137, 14, 7, 'Tidak', 0),
(138, 14, 8, 'Ya', 1),
(139, 14, 9, 'Ya', 0),
(140, 14, 10, 'Tidak', 1),
(141, 15, 1, 'Tidak', 0),
(142, 15, 2, 'Tidak', 0),
(143, 15, 3, 'Tidak', 1),
(144, 15, 4, 'Ya', 1),
(145, 15, 5, 'Ya', 1),
(146, 15, 6, 'Tidak', 1),
(147, 15, 7, 'Ya', 1),
(148, 15, 8, 'Tidak', 0),
(149, 15, 9, 'Ya', 0),
(150, 15, 10, 'Ya', 0),
(151, 16, 1, 'Tidak', 0),
(152, 16, 2, 'Ya', 1),
(153, 16, 3, 'Tidak', 1),
(154, 16, 4, 'Tidak', 0),
(155, 16, 5, 'Ya', 1),
(156, 16, 6, 'Ya', 0),
(157, 16, 7, 'Tidak', 0),
(158, 16, 8, 'Ya', 1),
(159, 16, 9, 'Ya', 0),
(160, 16, 10, 'Tidak', 1),
(161, 17, 1, 'Tidak', 0),
(162, 17, 2, 'Tidak', 0),
(163, 17, 3, 'Tidak', 1),
(164, 17, 4, 'Ya', 1),
(165, 17, 5, 'Ya', 1),
(166, 17, 6, 'Tidak', 1),
(167, 17, 7, 'Tidak', 0),
(168, 17, 8, 'Tidak', 0),
(169, 17, 9, 'Ya', 0),
(170, 17, 10, 'Ya', 0),
(171, 18, 1, 'Tidak', 0),
(172, 18, 2, 'Ya', 1),
(173, 18, 3, 'Tidak', 1),
(174, 18, 4, 'Tidak', 0),
(175, 18, 5, 'Ya', 1),
(176, 18, 6, 'Tidak', 1),
(177, 18, 7, 'Tidak', 0),
(178, 18, 8, 'Tidak', 0),
(179, 18, 9, 'Ya', 0),
(180, 18, 10, 'Ya', 0),
(181, 19, 1, 'Ya', 1),
(182, 19, 2, 'Ya', 1),
(183, 19, 3, 'Tidak', 1),
(184, 19, 4, 'Ya', 1),
(185, 19, 5, 'Tidak', 0),
(186, 19, 6, 'Ya', 0),
(187, 19, 7, 'Tidak', 0),
(188, 19, 8, 'Tidak', 0),
(189, 19, 9, 'Tidak', 1),
(190, 19, 10, 'Ya', 0),
(191, 20, 1, 'Ya', 1),
(192, 20, 2, 'Ya', 1),
(193, 20, 3, 'Tidak', 1),
(194, 20, 4, 'Ya', 1),
(195, 20, 5, 'Ya', 1),
(196, 20, 6, 'Ya', 0),
(197, 20, 7, 'Tidak', 0),
(198, 20, 8, 'Tidak', 0),
(199, 20, 9, 'Ya', 0),
(200, 20, 10, 'Tidak', 1),
(201, 21, 1, 'Tidak', 0),
(202, 21, 2, 'Ya', 1),
(203, 21, 3, 'Tidak', 1),
(204, 21, 4, 'Tidak', 0),
(205, 21, 5, 'Tidak', 0),
(206, 21, 6, 'Tidak', 1),
(207, 21, 7, 'Ya', 1),
(208, 21, 8, 'Ya', 1),
(209, 21, 9, 'Ya', 0),
(210, 21, 10, 'Ya', 0),
(211, 22, 1, 'Ya', 1),
(212, 22, 2, 'Ya', 1),
(213, 22, 3, 'Ya', 0),
(214, 22, 4, 'Ya', 1),
(215, 22, 5, 'Ya', 1),
(216, 22, 6, 'Ya', 0),
(217, 22, 7, 'Ya', 1),
(218, 22, 8, 'Ya', 1),
(219, 22, 9, 'Ya', 0),
(220, 22, 10, 'Ya', 0),
(221, 23, 1, 'Tidak', 0),
(222, 23, 2, 'Ya', 1),
(223, 23, 3, 'Ya', 0),
(224, 23, 4, 'Ya', 1),
(225, 23, 5, 'Ya', 1),
(226, 23, 6, 'Tidak', 1),
(227, 23, 7, 'Tidak', 0),
(228, 23, 8, 'Tidak', 0),
(229, 23, 9, 'Ya', 0),
(230, 23, 10, 'Tidak', 1),
(231, 24, 1, 'Ya', 1),
(232, 24, 2, 'Tidak', 0),
(233, 24, 3, 'Tidak', 1),
(234, 24, 4, 'Ya', 1),
(235, 24, 5, 'Tidak', 0),
(236, 24, 6, 'Tidak', 1),
(237, 24, 7, 'Tidak', 0),
(238, 24, 8, 'Ya', 1),
(239, 24, 9, 'Ya', 0),
(240, 24, 10, 'Tidak', 1),
(241, 25, 1, 'Ya', 1),
(242, 25, 2, 'Tidak', 0),
(243, 25, 3, 'Tidak', 1),
(244, 25, 4, 'Tidak', 0),
(245, 25, 5, 'Ya', 1),
(246, 25, 6, 'Tidak', 1),
(247, 25, 7, 'Tidak', 0),
(248, 25, 8, 'Tidak', 0),
(249, 25, 9, 'Tidak', 1),
(250, 25, 10, 'Ya', 0),
(251, 26, 1, 'Tidak', 0),
(252, 26, 2, 'Tidak', 0),
(253, 26, 3, 'Tidak', 1),
(254, 26, 4, 'Ya', 1),
(255, 26, 5, 'Ya', 1),
(256, 26, 6, 'Tidak', 1),
(257, 26, 7, 'Ya', 1),
(258, 26, 8, 'Tidak', 0),
(259, 26, 9, 'Tidak', 1),
(260, 26, 10, 'Ya', 0),
(261, 27, 1, 'Tidak', 0),
(262, 27, 2, 'Tidak', 0),
(263, 27, 3, 'Tidak', 1),
(264, 27, 4, 'Tidak', 0),
(265, 27, 5, 'Ya', 1),
(266, 27, 6, 'Tidak', 1),
(267, 27, 7, 'Ya', 1),
(268, 27, 8, 'Tidak', 0),
(269, 27, 9, 'Ya', 0),
(270, 27, 10, 'Ya', 0),
(271, 28, 1, 'Tidak', 0),
(272, 28, 2, 'Ya', 1),
(273, 28, 3, 'Tidak', 1),
(274, 28, 4, 'Tidak', 0),
(275, 28, 5, 'Ya', 1),
(276, 28, 6, 'Tidak', 1),
(277, 28, 7, 'Tidak', 0),
(278, 28, 8, 'Tidak', 0),
(279, 28, 9, 'Tidak', 1),
(280, 28, 10, 'Ya', 0),
(281, 29, 1, 'Tidak', 0),
(282, 29, 2, 'Ya', 1),
(283, 29, 3, 'Ya', 0),
(284, 29, 4, 'Ya', 1),
(285, 29, 5, 'Ya', 1),
(286, 29, 6, 'Tidak', 1),
(287, 29, 7, 'Tidak', 0),
(288, 29, 8, 'Tidak', 0),
(289, 29, 9, 'Ya', 0),
(290, 29, 10, 'Tidak', 1),
(291, 30, 1, 'Ya', 1),
(292, 30, 2, 'Ya', 1),
(293, 30, 3, 'Ya', 0),
(294, 30, 4, 'Tidak', 0),
(295, 30, 5, 'Tidak', 0),
(296, 30, 6, 'Tidak', 1),
(297, 30, 7, 'Tidak', 0),
(298, 30, 8, 'Ya', 1),
(299, 30, 9, 'Tidak', 1),
(300, 30, 10, 'Tidak', 1),
(301, 31, 1, 'Tidak', 0),
(302, 31, 2, 'Tidak', 0),
(303, 31, 3, 'Tidak', 1),
(304, 31, 4, 'Ya', 1),
(305, 31, 5, 'Ya', 1),
(306, 31, 6, 'Tidak', 1),
(307, 31, 7, 'Tidak', 0),
(308, 31, 8, 'Ya', 1),
(309, 31, 9, 'Tidak', 1),
(310, 31, 10, 'Tidak', 1),
(311, 32, 1, 'Ya', 1),
(312, 32, 2, 'Ya', 1),
(313, 32, 3, 'Tidak', 1),
(314, 32, 4, 'Tidak', 0),
(315, 32, 5, 'Tidak', 0),
(316, 32, 6, 'Ya', 0),
(317, 32, 7, 'Ya', 1),
(318, 32, 8, 'Ya', 1),
(319, 32, 9, 'Ya', 0),
(320, 32, 10, 'Tidak', 1),
(321, 33, 1, 'Tidak', 0),
(322, 33, 2, 'Ya', 1),
(323, 33, 3, 'Tidak', 1),
(324, 33, 4, 'Ya', 1),
(325, 33, 5, 'Tidak', 0),
(326, 33, 6, 'Tidak', 1),
(327, 33, 7, 'Tidak', 0),
(328, 33, 8, 'Ya', 1),
(329, 33, 9, 'Ya', 0),
(330, 33, 10, 'Ya', 0),
(331, 34, 1, 'Tidak', 0),
(332, 34, 2, 'Ya', 1),
(333, 34, 3, 'Ya', 0),
(334, 34, 4, 'Ya', 1),
(335, 34, 5, 'Ya', 1),
(336, 34, 6, 'Tidak', 1),
(337, 34, 7, 'Tidak', 0),
(338, 34, 8, 'Tidak', 0),
(339, 34, 9, 'Tidak', 1),
(340, 34, 10, 'Ya', 0),
(341, 35, 1, 'Tidak', 0),
(342, 35, 2, 'Ya', 1),
(343, 35, 3, 'Ya', 0),
(344, 35, 4, 'Ya', 1),
(345, 35, 5, 'Ya', 1),
(346, 35, 6, 'Tidak', 1),
(347, 35, 7, 'Tidak', 0),
(348, 35, 8, 'Tidak', 0),
(349, 35, 9, 'Tidak', 1),
(350, 35, 10, 'Ya', 0),
(351, 36, 1, 'Tidak', 0),
(352, 36, 2, 'Ya', 1),
(353, 36, 3, 'Tidak', 1),
(354, 36, 4, 'Ya', 1),
(355, 36, 5, 'Ya', 1),
(356, 36, 6, 'Tidak', 1),
(357, 36, 7, 'Tidak', 0),
(358, 36, 8, 'Tidak', 0),
(359, 36, 9, 'Ya', 0),
(360, 36, 10, 'Tidak', 1),
(361, 37, 1, 'Tidak', 0),
(362, 37, 2, 'Tidak', 0),
(363, 37, 3, 'Ya', 0),
(364, 37, 4, 'Ya', 1),
(365, 37, 5, 'Ya', 1),
(366, 37, 6, 'Tidak', 1),
(367, 37, 7, 'Tidak', 0),
(368, 37, 8, 'Ya', 1),
(369, 37, 9, 'Ya', 0),
(370, 37, 10, 'Ya', 0);

-- --------------------------------------------------------

--
-- Table structure for table `tb_input`
--

CREATE TABLE `tb_input` (
  `id_input` int(11) NOT NULL,
  `id_user` int(11) DEFAULT NULL,
  `nama_lengkap` varchar(100) DEFAULT NULL,
  `gender` enum('Female','Male') DEFAULT NULL,
  `age` int(11) DEFAULT NULL,
  `ethnicity` varchar(50) DEFAULT NULL,
  `jaundice` enum('yes','no') DEFAULT NULL,
  `austim` enum('yes','no') DEFAULT NULL,
  `contry_of_res` varchar(100) DEFAULT NULL,
  `relation` varchar(50) DEFAULT NULL,
  `photo` varchar(255) DEFAULT NULL,
  `timestamp` datetime DEFAULT current_timestamp()
) ENGINE=InnoDB DEFAULT CHARSET=utf8mb4 COLLATE=utf8mb4_general_ci;

--
-- Dumping data for table `tb_input`
--

INSERT INTO `tb_input` (`id_input`, `id_user`, `nama_lengkap`, `gender`, `age`, `ethnicity`, `jaundice`, `austim`, `contry_of_res`, `relation`, `photo`, `timestamp`) VALUES
(1, 4, 'Randi', 'Male', 15, 'Asian', 'no', 'yes', 'Indonesia', 'Parent', NULL, '2025-06-14 21:41:03'),
(2, 4, 'Ray', 'Male', 27, 'White-European', 'no', 'yes', 'United States', 'Self', NULL, '2025-06-14 21:41:54'),
(3, 4, 'Sinta', 'Female', 25, 'Black', 'no', 'yes', 'AmericanSamoa', 'Self', NULL, '2025-06-14 21:43:15'),
(4, 4, 'Ron', 'Male', 31, 'South Asian', 'yes', 'yes', 'Afghanistan', 'Self', NULL, '2025-06-14 22:08:31'),
(5, 4, 'Gina', 'Female', 21, 'Middle Eastern', 'no', 'no', 'Australia', 'Self', NULL, '2025-06-14 22:18:33'),
(6, 4, 'Andre', 'Male', 15, 'Asian', 'no', 'no', 'Indonesia', 'Parent', NULL, '2025-06-16 13:20:31'),
(7, 4, 'Luthfi Risky', 'Male', 10, 'Asian', 'no', 'yes', 'Indonesia', 'Parent', NULL, '2025-06-20 01:42:44'),
(8, 4, 'Jenahara Bilqis', 'Female', 8, 'Asian', 'no', 'yes', 'Indonesia', 'Parent', NULL, '2025-06-29 14:46:29'),
(10, 4, 'yoga pratama', 'Male', 7, 'Asian', 'no', 'yes', 'Indonesia', 'Parent', NULL, '2025-06-29 14:49:10'),
(12, 4, 'bagus arya', 'Male', 15, 'Asian', 'no', 'no', 'Indonesia', 'Parent', NULL, '2025-06-29 14:51:38'),
(13, 4, 'muhammad fatir', 'Male', 15, 'Asian', 'yes', 'no', 'Indonesia', 'Parent', NULL, '2025-06-29 14:52:22'),
(14, 4, 'raffa athaya', 'Male', 15, 'Asian', 'no', 'yes', 'Indonesia', 'Parent', NULL, '2025-06-29 14:53:14'),
(15, 4, 'vera yulianti', 'Female', 14, 'Asian', 'no', 'no', 'Indonesia', 'Parent', NULL, '2025-06-29 14:54:02'),
(16, 4, 'chealsea briana', 'Female', 14, 'Asian', 'no', 'yes', 'Indonesia', 'Parent', NULL, '2025-06-29 14:54:40'),
(17, 4, 'muhammad rizky alfajrin', 'Male', 20, 'Asian', 'no', 'no', 'Indonesia', 'Parent', NULL, '2025-06-29 14:55:23'),
(18, 4, 'fabhian azriel', 'Male', 20, 'Asian', 'yes', 'no', 'Indonesia', 'Parent', NULL, '2025-06-29 14:56:19'),
(19, 4, 'helen mailani', 'Female', 20, 'Asian', 'no', 'no', 'Indonesia', 'Parent', NULL, '2025-06-29 14:57:09'),
(20, 4, 'adam ghs', 'Male', 20, 'Asian', 'no', 'yes', 'Indonesia', 'Parent', NULL, '2025-06-29 14:57:48'),
(21, 4, 'nessa aulia harun', 'Female', 19, 'Asian', 'no', 'no', 'Indonesia', 'Parent', NULL, '2025-06-29 14:58:24'),
(22, 4, 'hafiz ahmad zaki', 'Male', 17, 'Asian', 'no', 'no', 'Indonesia', 'Parent', NULL, '2025-06-29 14:59:09'),
(23, 4, 'rizku ali hasibuan', 'Male', 16, 'Asian', 'yes', 'no', 'Indonesia', 'Parent', NULL, '2025-06-29 15:00:14'),
(24, 4, 'muhammad subhi', 'Male', 16, 'Asian', 'no', 'no', 'Indonesia', 'Parent', NULL, '2025-06-29 15:00:57'),
(25, 4, 'annisa yuka', 'Female', 15, 'Asian', 'no', 'yes', 'Indonesia', 'Parent', NULL, '2025-06-29 15:01:37'),
(26, 4, 'ahmad fauzi', 'Male', 16, 'Asian', 'no', 'no', 'Indonesia', 'Parent', NULL, '2025-06-29 15:02:27'),
(27, 4, 'umar fikri', 'Male', 18, 'Asian', 'no', 'no', 'Indonesia', 'Parent', NULL, '2025-06-29 15:04:16'),
(28, 4, 'ananda yudith', 'Female', 16, 'Asian', 'no', 'no', 'Indonesia', 'Parent', NULL, '2025-06-29 20:54:10'),
(29, 4, 'sayhrun choirul', 'Male', 15, 'Asian', 'no', 'no', 'Indonesia', 'Parent', NULL, '2025-06-29 20:55:00'),
(30, 4, 'aisyah hamim', 'Female', 14, 'Asian', 'no', 'no', 'Indonesia', 'Parent', NULL, '2025-06-29 20:55:39'),
(31, 4, 'akhmad ardiansyah', 'Male', 15, 'Asian', 'yes', 'no', 'Indonesia', 'Parent', NULL, '2025-06-29 20:56:22'),
(32, 4, 'alvizy kustoyo', 'Male', 10, 'Asian', 'yes', 'no', 'Indonesia', 'Parent', NULL, '2025-06-29 20:57:00'),
(33, 4, 'aqilah syakira', 'Female', 11, 'Asian', 'yes', 'no', 'Indonesia', 'Parent', NULL, '2025-06-29 20:57:37'),
(34, 4, 'aqilah ramadhani rakesi', 'Female', 8, 'Asian', 'no', 'no', 'Indonesia', 'Parent', NULL, '2025-06-29 20:58:26'),
(35, 4, 'Arka Assafat', 'Male', 8, 'Asian', 'yes', 'no', 'Indonesia', 'Parent', NULL, '2025-07-02 01:21:20'),
(36, 4, 'Putri', 'Female', 16, 'Asian', 'no', 'no', 'Indonesia', 'Self', NULL, '2025-07-22 02:06:17'),
(37, 4, 'Bima ardhana', 'Male', 17, 'Asian', 'no', 'yes', 'Indonesia', 'Self', NULL, '2025-07-22 02:46:51');

-- --------------------------------------------------------

--
-- Table structure for table `tb_model`
--

CREATE TABLE `tb_model` (
  `id_model` int(11) NOT NULL,
  `nama_model` varchar(100) DEFAULT NULL,
  `deskripsi` text DEFAULT NULL,
  `versi` varchar(20) DEFAULT NULL,
  `filename_model` varchar(255) DEFAULT NULL,
  `filename_encoder` varchar(255) DEFAULT NULL,
  `aktif` tinyint(1) DEFAULT 0,
  `uploaded_by` int(11) DEFAULT NULL,
  `uploaded_at` datetime DEFAULT current_timestamp()
) ENGINE=InnoDB DEFAULT CHARSET=utf8mb4 COLLATE=utf8mb4_general_ci;

--
-- Dumping data for table `tb_model`
--

INSERT INTO `tb_model` (`id_model`, `nama_model`, `deskripsi`, `versi`, `filename_model`, `filename_encoder`, `aktif`, `uploaded_by`, `uploaded_at`) VALUES
(1, 'randomforest', 'smote+kfold', '1.0', '1749645038_best_rf_model.pkl', '1749645038_encoder_rf.pkl', 0, 5, '2025-06-11 19:30:38'),
(2, 'RandomForest', 'Smote,Kfold,Auc', '2.0', '1749838422_best_rf_model.pkl', '1749838422_encoder_rf.pkl', 0, 5, '2025-06-14 01:13:42'),
(3, 'RF', 'kfold,Smote,Auc,Shap', '3.0', '1749903514_best_rf_model.pkl', '1749903514_encoder_bundle.pkl', 1, 5, '2025-06-14 19:18:34');

-- --------------------------------------------------------

--
-- Table structure for table `tb_password_resets`
--

CREATE TABLE `tb_password_resets` (
  `id` int(11) NOT NULL,
  `user_id` int(11) NOT NULL,
  `token` varchar(255) NOT NULL,
  `expires_at` datetime NOT NULL,
  `created_at` datetime DEFAULT current_timestamp()
) ENGINE=InnoDB DEFAULT CHARSET=utf8mb4 COLLATE=utf8mb4_general_ci;

--
-- Dumping data for table `tb_password_resets`
--

INSERT INTO `tb_password_resets` (`id`, `user_id`, `token`, `expires_at`, `created_at`) VALUES
(15, 6, '1574a8cf5b269e6a9c06a397484a128da7616c7326aac565541fbc97ef6fce2d', '2025-06-16 09:18:42', '2025-06-16 13:18:42');

-- --------------------------------------------------------

--
-- Table structure for table `tb_question`
--

CREATE TABLE `tb_question` (
  `id_question` int(11) NOT NULL,
  `kode_soal` varchar(10) DEFAULT NULL,
  `isi_pertanyaan` text NOT NULL
) ENGINE=InnoDB DEFAULT CHARSET=utf8mb4 COLLATE=utf8mb4_general_ci;

--
-- Dumping data for table `tb_question`
--

INSERT INTO `tb_question` (`id_question`, `kode_soal`, `isi_pertanyaan`) VALUES
(1, 'A1_Score', 'Saya sering memperhatikan detail-detail kecil yang orang lain sering lewatkan.'),
(2, 'A2_Score', 'Saya lebih suka melakukan aktivitas yang sama berulang kali daripada mencoba hal baru.'),
(3, 'A3_Score', 'Saya merasa mudah untuk memahami apa yang dipikirkan atau dirasakan orang lain hanya dengan melihat wajah mereka.'),
(4, 'A4_Score', 'Saya merasa kesulitan untuk memulai percakapan baru dengan orang lain.'),
(5, 'A5_Score', 'Saya sering mendapat komentar bahwa cara bicara saya terlalu detail atau formal.'),
(6, 'A6_Score', 'Saya mudah \"nyambung\" atau pandai saat melakukan obrolan ringan (social chitchat).'),
(7, 'A7_Score', 'Saya cenderung sangat tertarik pada suatu topik tertentu secara mendalam.'),
(8, 'A8_Score', 'Saat membaca cerita fiksi, saya merasa sulit untuk membayangkan seperti apa rupa karakternya.'),
(9, 'A9_Score', 'Saya bisa dengan mudah mengetahui jika seseorang yang mendengarkan saya mulai merasa bosan.'),
(10, 'A10_Score', 'Dalam sebuah grup, saya merasa mudah untuk mengikuti beberapa percakapan sekaligus.');

-- --------------------------------------------------------

--
-- Table structure for table `tb_result`
--

CREATE TABLE `tb_result` (
  `id_result` int(11) NOT NULL,
  `id_input` int(11) DEFAULT NULL,
  `total_score` int(11) DEFAULT NULL,
  `hasil_prediksi` enum('ASD','Non-ASD') DEFAULT NULL,
  `keterangan` text DEFAULT NULL,
  `feature_contributions` longtext CHARACTER SET utf8mb4 COLLATE utf8mb4_bin DEFAULT NULL CHECK (json_valid(`feature_contributions`))
) ENGINE=InnoDB DEFAULT CHARSET=utf8mb4 COLLATE=utf8mb4_general_ci;

--
-- Dumping data for table `tb_result`
--

INSERT INTO `tb_result` (`id_result`, `id_input`, `total_score`, `hasil_prediksi`, `keterangan`, `feature_contributions`) VALUES
(1, 1, 8, 'Non-ASD', 'Total skor dari kuesioner adalah 8.', '{\"A10_Score\":-0.027650968949252775,\"A1_Score\":0.012452092422183899,\"A2_Score\":0.020386327700079806,\"A3_Score\":0.020287977387690236,\"A4_Score\":0.03906747104706516,\"A5_Score\":-0.09044492965534533,\"A6_Score\":0.08924100105207154,\"A7_Score\":0.02956515107241869,\"A8_Score\":0.032123667824950124,\"A9_Score\":0.028428100764062006,\"age\":-0.07720881420759343,\"austim_no\":0.024798869286312735,\"austim_yes\":0.025672980773501074,\"contry_of_res_Afghanistan\":0.0005525848222645486,\"contry_of_res_AmericanSamoa\":5.998244358983101e-5,\"contry_of_res_Angola\":0,\"contry_of_res_Argentina\":0,\"contry_of_res_Armenia\":-0.0002142728459420542,\"contry_of_res_Aruba\":2.457360882236644e-5,\"contry_of_res_Australia\":-0.0020836011112600108,\"contry_of_res_Austria\":-0.00021613372695876475,\"contry_of_res_Azerbaijan\":-0.00035426672108398094,\"contry_of_res_Bahamas\":-0.0008177239106661508,\"contry_of_res_Bangladesh\":0.0004893712811396582,\"contry_of_res_Belgium\":3.888300358544222e-6,\"contry_of_res_Bolivia\":2.6692277405760216e-5,\"contry_of_res_Brazil\":0.0004962372567509539,\"contry_of_res_Burundi\":-0.0009156720467053548,\"contry_of_res_Canada\":-0.0050774297273784,\"contry_of_res_China\":0.0008842736924248888,\"contry_of_res_Cyprus\":-0.0013876168197286406,\"contry_of_res_Czech Republic\":6.274191669493823e-5,\"contry_of_res_Egypt\":2.8724432023042393e-5,\"contry_of_res_Ethiopia\":2.357130674557354e-5,\"contry_of_res_France\":-0.003283471344519095,\"contry_of_res_Germany\":0.0005897630952933794,\"contry_of_res_Hong Kong\":8.940290092545485e-5,\"contry_of_res_Iceland\":9.76371264701248e-6,\"contry_of_res_India\":0.005756182535657399,\"contry_of_res_Indonesia\":-0.01806178864796368,\"contry_of_res_Iran\":-0.0016610260561108084,\"contry_of_res_Iraq\":0.001599442571233856,\"contry_of_res_Ireland\":-0.0006878784663989887,\"contry_of_res_Italy\":0.000589557056351589,\"contry_of_res_Japan\":4.000808075713755e-6,\"contry_of_res_Jordan\":0.0015763001330327195,\"contry_of_res_Kazakhstan\":6.492586808567498e-5,\"contry_of_res_Malaysia\":-0.0005288575295046735,\"contry_of_res_Mexico\":0.00012794012006120186,\"contry_of_res_Netherlands\":0.0006078172878814692,\"contry_of_res_New Zealand\":0.004621357387812473,\"contry_of_res_Nicaragua\":0.0005436434991999159,\"contry_of_res_Niger\":-0.00036274147430476585,\"contry_of_res_Oman\":-0.0007817990759666311,\"contry_of_res_Pakistan\":-6.646212542950152e-5,\"contry_of_res_Romania\":0,\"contry_of_res_Russia\":0.0004874144977914352,\"contry_of_res_Saudi Arabia\":-0.0004475836302197773,\"contry_of_res_Serbia\":5.879803275149623e-7,\"contry_of_res_Sierra Leone\":1.2537766182449586e-5,\"contry_of_res_South Africa\":1.7012993183185352e-6,\"contry_of_res_Spain\":-0.00016755041634989776,\"contry_of_res_Sri Lanka\":0.0022891083684084706,\"contry_of_res_Sweden\":0.0004777997965733157,\"contry_of_res_Tonga\":0,\"contry_of_res_Ukraine\":-0.0038849533821789252,\"contry_of_res_United Arab Emirates\":0.0009043541989086384,\"contry_of_res_United Kingdom\":0.0005273349466129519,\"contry_of_res_United States\":-0.02870534095919969,\"contry_of_res_Viet Nam\":-0.0007491709370879827,\"ethnicity_Asian\":-0.05017219741560499,\"ethnicity_Black\":0.002496428023664358,\"ethnicity_Hispanic\":-0.0031162469021954963,\"ethnicity_Latino\":-0.00020747337432320065,\"ethnicity_Middle Eastern \":-0.00184476415566148,\"ethnicity_Others\":0.00109279399615214,\"ethnicity_Pasifika\":-0.0005032885525620547,\"ethnicity_South Asian\":0.0009991001768814949,\"ethnicity_Turkish\":0.0019246449537198506,\"ethnicity_Unknown\":0.0030398872000924645,\"ethnicity_White-European\":-0.04293876278827047,\"ethnicity_others\":0,\"gender_Female\":-0.0014034116032585783,\"gender_Male\":0.005548013371583986,\"jaundice_no\":0.0012728687543752172,\"jaundice_yes\":0.003888446428280001,\"relation_?\":0.00015595563413036721,\"relation_Health care professional\":-0.001852971876109681,\"relation_Others\":0.00025643602986543247,\"relation_Parent\":-0.014249487786374537,\"relation_Relative\":-0.004670273649121898,\"relation_Self\":-0.008485727413104827}'),
(2, 2, 8, 'ASD', 'Total skor dari kuesioner adalah 8.', '{\"A10_Score\":-0.07169151900442836,\"A1_Score\":0.006179895994206907,\"A2_Score\":0.019974420476736372,\"A3_Score\":0.03914338574331995,\"A4_Score\":0.04637909715442504,\"A5_Score\":0.025117454549110855,\"A6_Score\":0.05839810951866579,\"A7_Score\":0.02444582740046097,\"A8_Score\":-0.08694825524120742,\"A9_Score\":0.03169173304215249,\"age\":-0.01855787714972638,\"austim_no\":0.028662044154114736,\"austim_yes\":0.053986389951211765,\"contry_of_res_Afghanistan\":0.0010673838090859006,\"contry_of_res_AmericanSamoa\":6.285382329605015e-5,\"contry_of_res_Angola\":0,\"contry_of_res_Argentina\":0,\"contry_of_res_Armenia\":-0.0006803400826512833,\"contry_of_res_Aruba\":4.487977609477982e-5,\"contry_of_res_Australia\":-0.0008959771852723613,\"contry_of_res_Austria\":-5.7781470800318525e-5,\"contry_of_res_Azerbaijan\":-0.0006821755176329435,\"contry_of_res_Bahamas\":-0.0018575700464991793,\"contry_of_res_Bangladesh\":0.0011265545207299007,\"contry_of_res_Belgium\":4.269994616520215e-6,\"contry_of_res_Bolivia\":0.0002118610916875246,\"contry_of_res_Brazil\":0.0004276332685688001,\"contry_of_res_Burundi\":-0.00019651093896898693,\"contry_of_res_Canada\":-0.003964387762233951,\"contry_of_res_China\":0.003946597165150762,\"contry_of_res_Cyprus\":-0.00046302682452614214,\"contry_of_res_Czech Republic\":8.53822144561656e-5,\"contry_of_res_Egypt\":6.565899689257268e-5,\"contry_of_res_Ethiopia\":2.3240111491303014e-5,\"contry_of_res_France\":-0.0005191190305919182,\"contry_of_res_Germany\":0.0003635046802609354,\"contry_of_res_Hong Kong\":0.00013662073919216012,\"contry_of_res_Iceland\":6.9010170648034494e-6,\"contry_of_res_India\":0.004778322072788765,\"contry_of_res_Indonesia\":0.0005175413815103163,\"contry_of_res_Iran\":3.7577359768392326e-5,\"contry_of_res_Iraq\":0.0006942831950866603,\"contry_of_res_Ireland\":0.0004470337258137746,\"contry_of_res_Italy\":-5.597378589746635e-5,\"contry_of_res_Japan\":4.044322198777408e-6,\"contry_of_res_Jordan\":0.000977302221950796,\"contry_of_res_Kazakhstan\":-0.00041812072376681917,\"contry_of_res_Malaysia\":-0.000335130366006809,\"contry_of_res_Mexico\":0.00018287986765687153,\"contry_of_res_Netherlands\":0.0027569057638150173,\"contry_of_res_New Zealand\":0.004251082257115658,\"contry_of_res_Nicaragua\":0.0004198803596859717,\"contry_of_res_Niger\":0.0007891502841687743,\"contry_of_res_Oman\":-0.001022326500599972,\"contry_of_res_Pakistan\":-1.0648694462892825e-5,\"contry_of_res_Romania\":0,\"contry_of_res_Russia\":0.00028582718455238054,\"contry_of_res_Saudi Arabia\":-0.0006340478613149905,\"contry_of_res_Serbia\":5.292732945612691e-7,\"contry_of_res_Sierra Leone\":1.8381522055719874e-5,\"contry_of_res_South Africa\":1.5719013273415656e-6,\"contry_of_res_Spain\":0.0001511114319905952,\"contry_of_res_Sri Lanka\":0.0020026521031821657,\"contry_of_res_Sweden\":0.0003757497045028455,\"contry_of_res_Tonga\":0,\"contry_of_res_Ukraine\":-0.00018191176662741562,\"contry_of_res_United Arab Emirates\":0.0007212544099039577,\"contry_of_res_United Kingdom\":0.0019008941345284012,\"contry_of_res_United States\":0.023450419916693065,\"contry_of_res_Viet Nam\":-0.0005503332921558246,\"ethnicity_Asian\":0.0005711392668373134,\"ethnicity_Black\":8.969926760033636e-6,\"ethnicity_Hispanic\":-0.002148558879111053,\"ethnicity_Latino\":-0.0002524258988682965,\"ethnicity_Middle Eastern \":-0.000491234314015584,\"ethnicity_Others\":0.0018111224905634881,\"ethnicity_Pasifika\":-0.00013261024928794794,\"ethnicity_South Asian\":0.0007679660038451412,\"ethnicity_Turkish\":0.0005187383790424013,\"ethnicity_Unknown\":0.009146600554019254,\"ethnicity_White-European\":0.025690127943077526,\"ethnicity_others\":0,\"gender_Female\":0.01928010237151682,\"gender_Male\":0.017873108524440216,\"jaundice_no\":-0.012219755659450013,\"jaundice_yes\":-0.01447081149334005,\"relation_?\":0.00024384597632394473,\"relation_Health care professional\":-0.000250508280408273,\"relation_Others\":0.00017226752932787267,\"relation_Parent\":0.00046111285002142636,\"relation_Relative\":-0.0009437542143567089,\"relation_Self\":-0.0012013713856604108}'),
(3, 3, 8, 'ASD', 'Total skor dari kuesioner adalah 8.', '{\"A10_Score\":-0.03164551426671724,\"A1_Score\":0.013292715284018857,\"A2_Score\":0.025413244894911657,\"A3_Score\":-0.06770155296543025,\"A4_Score\":0.05847005830590387,\"A5_Score\":0.017302458499001954,\"A6_Score\":0.10250122715616283,\"A7_Score\":0.045620711083571276,\"A8_Score\":0.03947282768246966,\"A9_Score\":0.0395973820244398,\"age\":-0.01315696907780758,\"austim_no\":0.04298987621381314,\"austim_yes\":0.06642154279008591,\"contry_of_res_Afghanistan\":0.0006214988868827427,\"contry_of_res_AmericanSamoa\":-0.006771357085101377,\"contry_of_res_Angola\":0,\"contry_of_res_Argentina\":0,\"contry_of_res_Armenia\":-0.00015652600161903993,\"contry_of_res_Aruba\":0.0001376741856673431,\"contry_of_res_Australia\":-0.0026352820453806112,\"contry_of_res_Austria\":-0.0003872809220525579,\"contry_of_res_Azerbaijan\":-0.0031033476337210524,\"contry_of_res_Bahamas\":-0.0009063448922371387,\"contry_of_res_Bangladesh\":0.001995996255824215,\"contry_of_res_Belgium\":3.203448413417984e-6,\"contry_of_res_Bolivia\":0.0012123897824713869,\"contry_of_res_Brazil\":0.0004262545084378425,\"contry_of_res_Burundi\":-0.00026493612094175,\"contry_of_res_Canada\":-0.00638776227530768,\"contry_of_res_China\":0.0008622699872809816,\"contry_of_res_Cyprus\":-0.0014020427896447997,\"contry_of_res_Czech Republic\":6.50726408540962e-5,\"contry_of_res_Egypt\":3.1091424019469057e-5,\"contry_of_res_Ethiopia\":2.253606752072912e-5,\"contry_of_res_France\":-0.0006372800244778402,\"contry_of_res_Germany\":0.0023301592962241694,\"contry_of_res_Hong Kong\":7.145827167975413e-5,\"contry_of_res_Iceland\":4.014286983785103e-5,\"contry_of_res_India\":0.0055472496542518755,\"contry_of_res_Indonesia\":3.1327731293086634e-5,\"contry_of_res_Iran\":-3.126777588486931e-7,\"contry_of_res_Iraq\":0.0014575889524691616,\"contry_of_res_Ireland\":0.00036076910538081864,\"contry_of_res_Italy\":0.0003365085141661558,\"contry_of_res_Japan\":8.777821110191385e-6,\"contry_of_res_Jordan\":0.0006480115579953911,\"contry_of_res_Kazakhstan\":9.123842917640905e-5,\"contry_of_res_Malaysia\":-0.0001594505879679607,\"contry_of_res_Mexico\":8.178091411800695e-5,\"contry_of_res_Netherlands\":0.0001581069601501525,\"contry_of_res_New Zealand\":0.005507796776678734,\"contry_of_res_Nicaragua\":0.0005154302862030285,\"contry_of_res_Niger\":-0.00024848903574173635,\"contry_of_res_Oman\":-0.0008907587892939514,\"contry_of_res_Pakistan\":-0.0002773445948556731,\"contry_of_res_Romania\":0,\"contry_of_res_Russia\":0.0005875434313572175,\"contry_of_res_Saudi Arabia\":-0.0035297201173783302,\"contry_of_res_Serbia\":5.867577177153577e-7,\"contry_of_res_Sierra Leone\":3.738211924724534e-5,\"contry_of_res_South Africa\":1.9614345228949984e-6,\"contry_of_res_Spain\":0.00011863462207007812,\"contry_of_res_Sri Lanka\":0.002903609700009391,\"contry_of_res_Sweden\":0.0019026141829038565,\"contry_of_res_Tonga\":0,\"contry_of_res_Ukraine\":-0.00043651107878934456,\"contry_of_res_United Arab Emirates\":0.0018916197265691347,\"contry_of_res_United Kingdom\":0.0019430814795805722,\"contry_of_res_United States\":-0.012021281529176454,\"contry_of_res_Viet Nam\":-0.0012837200995229774,\"ethnicity_Asian\":-0.0001536214785646719,\"ethnicity_Black\":-0.02100109428800937,\"ethnicity_Hispanic\":-0.0022869308378760437,\"ethnicity_Latino\":-0.0008537048483999094,\"ethnicity_Middle Eastern \":0.0021780607698955834,\"ethnicity_Others\":-0.0006111519853306609,\"ethnicity_Pasifika\":-0.0035003915541806873,\"ethnicity_South Asian\":0.002593270180290382,\"ethnicity_Turkish\":0.0011096060108672838,\"ethnicity_Unknown\":0.0090851743588115,\"ethnicity_White-European\":-0.05266252828751392,\"ethnicity_others\":0,\"gender_Female\":-0.013588396529293813,\"gender_Male\":-0.023268515434316236,\"jaundice_no\":0.002144935704420434,\"jaundice_yes\":0.004235193849712485,\"relation_?\":0.00016885649051377296,\"relation_Health care professional\":-0.0003513065677261971,\"relation_Others\":0.00017714115993362138,\"relation_Parent\":0.000307933009657978,\"relation_Relative\":-0.0009789743747239447,\"relation_Self\":-0.0007460506755343583}'),
(4, 4, 7, 'Non-ASD', 'Total skor dari kuesioner adalah 7.', '{\"A10_Score\":0.0035731569742731475,\"A1_Score\":0.0032963077476614445,\"A2_Score\":0.024871297676479238,\"A3_Score\":0.02964290143219619,\"A4_Score\":0.037388856428341166,\"A5_Score\":-0.039345931967890165,\"A6_Score\":0.06093750164326182,\"A7_Score\":-0.056929403925463744,\"A8_Score\":0.019371425836235575,\"A9_Score\":-0.12087403774712513,\"age\":-0.013191568078412862,\"austim_no\":0.06525839001690195,\"austim_yes\":0.0541212642157401,\"contry_of_res_Afghanistan\":-0.007252384195166476,\"contry_of_res_AmericanSamoa\":7.540956144828523e-5,\"contry_of_res_Angola\":0,\"contry_of_res_Argentina\":0,\"contry_of_res_Armenia\":-0.0007081265295332229,\"contry_of_res_Aruba\":-9.008840798673048e-5,\"contry_of_res_Australia\":-0.0032554121197847143,\"contry_of_res_Austria\":-0.0007251951614252668,\"contry_of_res_Azerbaijan\":-0.0003811175439700861,\"contry_of_res_Bahamas\":-0.0006638204498971168,\"contry_of_res_Bangladesh\":0.00027403653306487107,\"contry_of_res_Belgium\":2.082143958479701e-5,\"contry_of_res_Bolivia\":-0.0003488510129138311,\"contry_of_res_Brazil\":0.0005233571622217013,\"contry_of_res_Burundi\":-0.000558335666729519,\"contry_of_res_Canada\":-0.011634403507411677,\"contry_of_res_China\":0.0004686908615465523,\"contry_of_res_Cyprus\":-0.00107803939414969,\"contry_of_res_Czech Republic\":6.645741863095688e-5,\"contry_of_res_Egypt\":3.120565619617756e-5,\"contry_of_res_Ethiopia\":6.881192618915161e-5,\"contry_of_res_France\":-0.001450580738529485,\"contry_of_res_Germany\":0.0003399704508919536,\"contry_of_res_Hong Kong\":9.919321275663532e-5,\"contry_of_res_Iceland\":9.532179092717865e-6,\"contry_of_res_India\":0.004790256043656765,\"contry_of_res_Indonesia\":0.00019624783440613436,\"contry_of_res_Iran\":-0.0004173413084521273,\"contry_of_res_Iraq\":0.0010618106515424813,\"contry_of_res_Ireland\":0.00033304988524469295,\"contry_of_res_Italy\":0.00015289689184765917,\"contry_of_res_Japan\":5.432589783149275e-6,\"contry_of_res_Jordan\":0.0019034645273152035,\"contry_of_res_Kazakhstan\":1.6108763012816533e-6,\"contry_of_res_Malaysia\":-0.0005188180304162861,\"contry_of_res_Mexico\":0.000196974330283809,\"contry_of_res_Netherlands\":0.0005393670500722762,\"contry_of_res_New Zealand\":0.005193390888960707,\"contry_of_res_Nicaragua\":0.0012034962994246473,\"contry_of_res_Niger\":-0.0003073753725100555,\"contry_of_res_Oman\":-0.001490787341923394,\"contry_of_res_Pakistan\":-0.00010387062189609714,\"contry_of_res_Romania\":0,\"contry_of_res_Russia\":0.0003230927001913723,\"contry_of_res_Saudi Arabia\":-0.0004263154330012022,\"contry_of_res_Serbia\":2.0253428299478605e-6,\"contry_of_res_Sierra Leone\":1.844303527543852e-5,\"contry_of_res_South Africa\":2.1450843235108363e-6,\"contry_of_res_Spain\":-0.0005595479260504722,\"contry_of_res_Sri Lanka\":0.002065220612742281,\"contry_of_res_Sweden\":0.0005847123407757453,\"contry_of_res_Tonga\":0,\"contry_of_res_Ukraine\":-0.001360776188814428,\"contry_of_res_United Arab Emirates\":0.0012440716223932997,\"contry_of_res_United Kingdom\":0.00034297488537933627,\"contry_of_res_United States\":-0.022927664112049564,\"contry_of_res_Viet Nam\":-0.0007223152376451536,\"ethnicity_Asian\":0.0010913327065762003,\"ethnicity_Black\":-0.002756288520217383,\"ethnicity_Hispanic\":-0.002225294056708147,\"ethnicity_Latino\":0.00014729499743439952,\"ethnicity_Middle Eastern \":-0.0020401062592371754,\"ethnicity_Others\":0.0010776192684860536,\"ethnicity_Pasifika\":-0.0020113378216718085,\"ethnicity_South Asian\":-0.05746921482529271,\"ethnicity_Turkish\":0.0005342451795638369,\"ethnicity_Unknown\":0.007987851658540686,\"ethnicity_White-European\":-0.05310262314174293,\"ethnicity_others\":0,\"gender_Female\":-0.0029888109137936676,\"gender_Male\":-0.007082279900378728,\"jaundice_no\":-0.00492828614002134,\"jaundice_yes\":-0.013532103611810307,\"relation_?\":0.0005629790403509868,\"relation_Health care professional\":-0.0022775937221332547,\"relation_Others\":0.0002531832001340163,\"relation_Parent\":8.009322349962482e-5,\"relation_Relative\":-0.0015748445026740763,\"relation_Self\":-0.0019958479216483707}'),
(5, 5, 6, 'Non-ASD', 'Total skor dari kuesioner adalah 6.', '{\"A10_Score\":-0.035513733393887116,\"A1_Score\":0.013747103247417694,\"A2_Score\":0.018501392625679458,\"A3_Score\":0.02095368638017019,\"A4_Score\":0.05138762631757462,\"A5_Score\":-0.06580205846023346,\"A6_Score\":0.037303648783297456,\"A7_Score\":0.024241952125904416,\"A8_Score\":-0.08766712038290418,\"A9_Score\":-0.10785551674555038,\"age\":-0.04881357418725365,\"austim_no\":-0.012710708278891722,\"austim_yes\":-0.013466839227284626,\"contry_of_res_Afghanistan\":0.0012718469725553365,\"contry_of_res_AmericanSamoa\":4.280149939166121e-5,\"contry_of_res_Angola\":0,\"contry_of_res_Argentina\":0,\"contry_of_res_Armenia\":-0.0003737937043058018,\"contry_of_res_Aruba\":0.000211290993263794,\"contry_of_res_Australia\":0.03986384794353021,\"contry_of_res_Austria\":-0.0008191074314345725,\"contry_of_res_Azerbaijan\":-0.00079035501345265,\"contry_of_res_Bahamas\":-0.004435331278641205,\"contry_of_res_Bangladesh\":0.0005384046815822034,\"contry_of_res_Belgium\":3.6435202483311625e-6,\"contry_of_res_Bolivia\":-0.0001576704503979662,\"contry_of_res_Brazil\":0.0003706721512805895,\"contry_of_res_Burundi\":-0.0003951730203334644,\"contry_of_res_Canada\":-0.001084589820038482,\"contry_of_res_China\":0.0006398472380515612,\"contry_of_res_Cyprus\":-0.0015465532891223875,\"contry_of_res_Czech Republic\":4.3002839685387586e-5,\"contry_of_res_Egypt\":2.1986650551306858e-5,\"contry_of_res_Ethiopia\":4.3522235649199936e-5,\"contry_of_res_France\":-0.0015071385289021453,\"contry_of_res_Germany\":0.0004183993585422467,\"contry_of_res_Hong Kong\":3.843455965000706e-5,\"contry_of_res_Iceland\":1.0049652239447602e-5,\"contry_of_res_India\":0.004916036386862948,\"contry_of_res_Indonesia\":3.926068076872538e-5,\"contry_of_res_Iran\":-0.0007443565979488848,\"contry_of_res_Iraq\":0.00044423319886016183,\"contry_of_res_Ireland\":0.00015029765823199398,\"contry_of_res_Italy\":8.74822277577049e-5,\"contry_of_res_Japan\":8.556770773978579e-6,\"contry_of_res_Jordan\":0.0008304515570139503,\"contry_of_res_Kazakhstan\":-0.00032918138204251834,\"contry_of_res_Malaysia\":-0.0011572717361657957,\"contry_of_res_Mexico\":0.00016685230787332476,\"contry_of_res_Netherlands\":0.003498379992783544,\"contry_of_res_New Zealand\":0.0033271666134307735,\"contry_of_res_Nicaragua\":0.00023654612779915564,\"contry_of_res_Niger\":-1.8609359564649743e-5,\"contry_of_res_Oman\":-0.0012566694016457511,\"contry_of_res_Pakistan\":-0.00011744092593978669,\"contry_of_res_Romania\":0,\"contry_of_res_Russia\":0.00017678731713290983,\"contry_of_res_Saudi Arabia\":-0.0002725529212449739,\"contry_of_res_Serbia\":2.320511771338367e-6,\"contry_of_res_Sierra Leone\":3.345880695754169e-5,\"contry_of_res_South Africa\":4.8920407619521005e-6,\"contry_of_res_Spain\":0.00020116925015860717,\"contry_of_res_Sri Lanka\":0.0011971010407963534,\"contry_of_res_Sweden\":0.00019308133948288332,\"contry_of_res_Tonga\":0,\"contry_of_res_Ukraine\":-0.0006797727143877147,\"contry_of_res_United Arab Emirates\":0.0008899110295741797,\"contry_of_res_United Kingdom\":-0.0011949814504393912,\"contry_of_res_United States\":-0.03046962278374788,\"contry_of_res_Viet Nam\":-0.0004439871242476195,\"ethnicity_Asian\":-0.004420563451347051,\"ethnicity_Black\":0.0014696425761571569,\"ethnicity_Hispanic\":-0.001943813452841254,\"ethnicity_Latino\":-0.0014039997691005573,\"ethnicity_Middle Eastern \":-0.000829352872961847,\"ethnicity_Others\":-0.0009444095577041537,\"ethnicity_Pasifika\":0.002652147586289698,\"ethnicity_South Asian\":0.0017510720704405954,\"ethnicity_Turkish\":0.000695366203625581,\"ethnicity_Unknown\":0.0015256123272890823,\"ethnicity_White-European\":-0.06511369187000442,\"ethnicity_others\":0,\"gender_Female\":-0.02382111968868931,\"gender_Male\":-0.014392830358022852,\"jaundice_no\":-0.0003105799274936133,\"jaundice_yes\":0.0010674882931319385,\"relation_?\":0.00037369359437303845,\"relation_Health care professional\":-0.0009068399877723849,\"relation_Others\":0.00012663759527322495,\"relation_Parent\":0.0006938042542876681,\"relation_Relative\":-0.0008949486737352821,\"relation_Self\":-0.0007796181317900922}'),
(6, 6, 5, 'Non-ASD', 'Total skor dari kuesioner adalah 5.', '{\"A10_Score\":0.0014076114537373292,\"A1_Score\":-0.02371833487848293,\"A2_Score\":0.018478508235052978,\"A3_Score\":0.036199726642246126,\"A4_Score\":0.04087524963341113,\"A5_Score\":-0.05098647820941236,\"A6_Score\":-0.09712106217306411,\"A7_Score\":-0.05554632366872858,\"A8_Score\":0.01718201046489209,\"A9_Score\":-0.08083240260355071,\"age\":-0.057124589789583444,\"austim_no\":-0.01607481036042145,\"austim_yes\":-0.007881392996473627,\"contry_of_res_Afghanistan\":0.0005497699710304823,\"contry_of_res_AmericanSamoa\":5.368269730460494e-5,\"contry_of_res_Angola\":0,\"contry_of_res_Argentina\":0,\"contry_of_res_Armenia\":-0.0005302895309734132,\"contry_of_res_Aruba\":8.151795008223424e-5,\"contry_of_res_Australia\":-0.004804546273345544,\"contry_of_res_Austria\":-0.0006777683974707563,\"contry_of_res_Azerbaijan\":-0.00038066378610468183,\"contry_of_res_Bahamas\":-0.0016117722976309989,\"contry_of_res_Bangladesh\":0.00017566130816854515,\"contry_of_res_Belgium\":8.172812210324058e-6,\"contry_of_res_Bolivia\":-0.00043767694984108725,\"contry_of_res_Brazil\":0.0004690229199628771,\"contry_of_res_Burundi\":-0.0011570462531214035,\"contry_of_res_Canada\":-0.002924733404883516,\"contry_of_res_China\":0.0004111599973764589,\"contry_of_res_Cyprus\":-0.003588943820200165,\"contry_of_res_Czech Republic\":7.123119884919038e-5,\"contry_of_res_Egypt\":2.7127810842706224e-5,\"contry_of_res_Ethiopia\":0.00010198057845385114,\"contry_of_res_France\":-0.001410513693247096,\"contry_of_res_Germany\":0.00022093232219844058,\"contry_of_res_Hong Kong\":3.670014227526365e-5,\"contry_of_res_Iceland\":1.0742694635239687e-5,\"contry_of_res_India\":0.0028870343709210718,\"contry_of_res_Indonesia\":-0.004436577841110303,\"contry_of_res_Iran\":-0.0004817805604549854,\"contry_of_res_Iraq\":0.00021510956472800202,\"contry_of_res_Ireland\":7.32613751447843e-5,\"contry_of_res_Italy\":-0.00010450694780695231,\"contry_of_res_Japan\":8.244322325930108e-6,\"contry_of_res_Jordan\":0.0010645852921747764,\"contry_of_res_Kazakhstan\":0.0002760063842687422,\"contry_of_res_Malaysia\":-0.0011402369712618095,\"contry_of_res_Mexico\":0.00019243495714609348,\"contry_of_res_Netherlands\":0.0006174434098875709,\"contry_of_res_New Zealand\":0.002322291316651329,\"contry_of_res_Nicaragua\":0.00016826533520426418,\"contry_of_res_Niger\":-9.074963959196405e-5,\"contry_of_res_Oman\":-0.0008495328877412281,\"contry_of_res_Pakistan\":-0.00034220487366269745,\"contry_of_res_Romania\":0,\"contry_of_res_Russia\":0.0002371498660634393,\"contry_of_res_Saudi Arabia\":-0.0002624645800869427,\"contry_of_res_Serbia\":6.738226765436242e-7,\"contry_of_res_Sierra Leone\":8.95770944587777e-5,\"contry_of_res_South Africa\":1.8996631073740465e-6,\"contry_of_res_Spain\":-0.000464158570316037,\"contry_of_res_Sri Lanka\":0.0009356864238615763,\"contry_of_res_Sweden\":0.00010732045900577743,\"contry_of_res_Tonga\":0,\"contry_of_res_Ukraine\":-0.00038287654617731896,\"contry_of_res_United Arab Emirates\":0.001055667211398322,\"contry_of_res_United Kingdom\":-0.007912764875837263,\"contry_of_res_United States\":-0.02826194856689737,\"contry_of_res_Viet Nam\":-0.000285478271458081,\"ethnicity_Asian\":-0.004793816962396551,\"ethnicity_Black\":0.0016186784944722155,\"ethnicity_Hispanic\":-0.0037706454982129336,\"ethnicity_Latino\":-0.0004723884259031747,\"ethnicity_Middle Eastern \":-0.000505469751395045,\"ethnicity_Others\":0.0004912546315473388,\"ethnicity_Pasifika\":-0.005609406089270838,\"ethnicity_South Asian\":-0.00030374510974087536,\"ethnicity_Turkish\":0.0011572170909051598,\"ethnicity_Unknown\":0.003531893415571397,\"ethnicity_White-European\":-0.05441788065656331,\"ethnicity_others\":0,\"gender_Female\":-0.004531302375716122,\"gender_Male\":-0.004785382311837308,\"jaundice_no\":-9.073703057455254e-5,\"jaundice_yes\":-0.0023141971909250506,\"relation_?\":0.0003599001512910099,\"relation_Health care professional\":-0.0014303061874188082,\"relation_Others\":0.00014076054666256976,\"relation_Parent\":-0.007868982255118727,\"relation_Relative\":-0.004729135148169407,\"relation_Self\":0.004561992962842276}'),
(7, 7, 10, 'ASD', 'Total skor dari kuesioner adalah 10.', '{\"A10_Score\":0.0025642228074293015,\"A1_Score\":0.014922378309058541,\"A2_Score\":0.02332391738618737,\"A3_Score\":0.030356935317099265,\"A4_Score\":0.039364606856381455,\"A5_Score\":0.03004423752338627,\"A6_Score\":0.10990976525227103,\"A7_Score\":0.02607907869059021,\"A8_Score\":0.03195211986648368,\"A9_Score\":0.03333695787672099,\"age\":-0.035861728032553296,\"austim_no\":0.022046026315108904,\"austim_yes\":0.013980395787400329,\"contry_of_res_Afghanistan\":0.0004823934075371016,\"contry_of_res_AmericanSamoa\":5.841014612994099e-5,\"contry_of_res_Angola\":0,\"contry_of_res_Argentina\":0,\"contry_of_res_Armenia\":-0.000215983584144434,\"contry_of_res_Aruba\":9.891644933432281e-5,\"contry_of_res_Australia\":-0.001788721733336565,\"contry_of_res_Austria\":-5.998308984831588e-5,\"contry_of_res_Azerbaijan\":-0.00034163168887638726,\"contry_of_res_Bahamas\":-0.0008448972149986583,\"contry_of_res_Bangladesh\":0.0006504701574631421,\"contry_of_res_Belgium\":3.888369453710559e-6,\"contry_of_res_Bolivia\":6.362828983515466e-5,\"contry_of_res_Brazil\":0.0007320528683922894,\"contry_of_res_Burundi\":-0.0007609841226217652,\"contry_of_res_Canada\":-0.0031281461437081513,\"contry_of_res_China\":0.001444200363930401,\"contry_of_res_Cyprus\":-0.0008627987528844839,\"contry_of_res_Czech Republic\":0.00012954671479673056,\"contry_of_res_Egypt\":4.0546499575804195e-5,\"contry_of_res_Ethiopia\":3.1526180973010215e-5,\"contry_of_res_France\":-0.0012686523256159237,\"contry_of_res_Germany\":0.0008207800220973713,\"contry_of_res_Hong Kong\":0.00010051065111259698,\"contry_of_res_Iceland\":8.381925565038246e-6,\"contry_of_res_India\":0.00527093693548485,\"contry_of_res_Indonesia\":-0.023046210780131575,\"contry_of_res_Iran\":8.736000915520109e-6,\"contry_of_res_Iraq\":0.0020003528363651936,\"contry_of_res_Ireland\":-0.0013137357371825595,\"contry_of_res_Italy\":0.0003210638680904058,\"contry_of_res_Japan\":4.410720606577468e-6,\"contry_of_res_Jordan\":0.0009868901746228555,\"contry_of_res_Kazakhstan\":6.1945901100934835e-6,\"contry_of_res_Malaysia\":-0.00021077482844601301,\"contry_of_res_Mexico\":9.836003242824672e-5,\"contry_of_res_Netherlands\":0.0012887584527029924,\"contry_of_res_New Zealand\":0.004211667434539435,\"contry_of_res_Nicaragua\":0.000782103630056199,\"contry_of_res_Niger\":-0.00014560098984124783,\"contry_of_res_Oman\":-0.0010219765460412165,\"contry_of_res_Pakistan\":-1.5708239561004652e-5,\"contry_of_res_Romania\":0,\"contry_of_res_Russia\":0.0008638003523518736,\"contry_of_res_Saudi Arabia\":-0.0005168791064216117,\"contry_of_res_Serbia\":3.739415240933119e-7,\"contry_of_res_Sierra Leone\":3.738211924724534e-5,\"contry_of_res_South Africa\":1.5352084836244864e-6,\"contry_of_res_Spain\":-0.00013324916276431556,\"contry_of_res_Sri Lanka\":0.0031294441017936992,\"contry_of_res_Sweden\":0.0006694406833006867,\"contry_of_res_Tonga\":0,\"contry_of_res_Ukraine\":-0.00045734993648019825,\"contry_of_res_United Arab Emirates\":0.0009933043619797957,\"contry_of_res_United Kingdom\":0.0008726039920290391,\"contry_of_res_United States\":-0.024745510095711815,\"contry_of_res_Viet Nam\":-0.0005586876440279552,\"ethnicity_Asian\":-0.07279043236672944,\"ethnicity_Black\":0.004116246777968929,\"ethnicity_Hispanic\":-0.002126082223526381,\"ethnicity_Latino\":-0.00035786817502936026,\"ethnicity_Middle Eastern \":-0.0014638413267075924,\"ethnicity_Others\":0.0019998155067771878,\"ethnicity_Pasifika\":0.0007913354367980925,\"ethnicity_South Asian\":0.0016848873560165103,\"ethnicity_Turkish\":0.002387300347153701,\"ethnicity_Unknown\":0.005274538365632407,\"ethnicity_White-European\":-0.05822587362482932,\"ethnicity_others\":0,\"gender_Female\":0.004626269797017454,\"gender_Male\":0.0056076474002454794,\"jaundice_no\":0.004178512497992812,\"jaundice_yes\":0.005034467362076313,\"relation_?\":0.00017140491487451585,\"relation_Health care professional\":-0.0005536980905821523,\"relation_Others\":0.00028320710778397033,\"relation_Parent\":-0.022633948005385335,\"relation_Relative\":-0.003607294520597456,\"relation_Self\":-0.01016350646846815}'),
(8, 8, 9, 'Non-ASD', 'Total skor dari kuesioner adalah 9.', '{\"A10_Score\":0.004245574979539757,\"A1_Score\":0.013042578517007089,\"A2_Score\":0.017925873652685883,\"A3_Score\":0.02987268670035013,\"A4_Score\":0.04750236388103798,\"A5_Score\":0.02632913591683096,\"A6_Score\":0.07388445291552466,\"A7_Score\":0.03134660614357645,\"A8_Score\":0.036174851548439864,\"A9_Score\":-0.12862336262934687,\"age\":-0.0502500084776763,\"austim_no\":0.026363607855281603,\"austim_yes\":0.014694741849793998,\"contry_of_res_Afghanistan\":0.00035097226049163186,\"contry_of_res_AmericanSamoa\":4.646757577809757e-5,\"contry_of_res_Angola\":0,\"contry_of_res_Argentina\":0,\"contry_of_res_Armenia\":-0.00014809580738135315,\"contry_of_res_Aruba\":2.279816849883328e-5,\"contry_of_res_Australia\":-0.0023930325604695785,\"contry_of_res_Austria\":-0.00019765140000714418,\"contry_of_res_Azerbaijan\":-0.0006060142818598894,\"contry_of_res_Bahamas\":-0.0011035726190185729,\"contry_of_res_Bangladesh\":0.0005454822339183979,\"contry_of_res_Belgium\":3.677905588007271e-6,\"contry_of_res_Bolivia\":0.00011266658713964811,\"contry_of_res_Brazil\":0.00044216978844172506,\"contry_of_res_Burundi\":-0.00048003441109167525,\"contry_of_res_Canada\":-0.007116781419988052,\"contry_of_res_China\":0.0012240395041121107,\"contry_of_res_Cyprus\":-0.0008782687518014674,\"contry_of_res_Czech Republic\":7.829432069050641e-5,\"contry_of_res_Egypt\":3.35296286396787e-5,\"contry_of_res_Ethiopia\":0.00012719711141350343,\"contry_of_res_France\":-0.0008554650387407834,\"contry_of_res_Germany\":0.0005499237067056193,\"contry_of_res_Hong Kong\":9.988282470388217e-5,\"contry_of_res_Iceland\":9.429551030108543e-6,\"contry_of_res_India\":0.005811300703238617,\"contry_of_res_Indonesia\":-0.018536151638562762,\"contry_of_res_Iran\":-4.5763781775426664e-5,\"contry_of_res_Iraq\":0.0013287696652679228,\"contry_of_res_Ireland\":-0.00034881758912828085,\"contry_of_res_Italy\":0.0007281170410615272,\"contry_of_res_Japan\":9.697439380020413e-6,\"contry_of_res_Jordan\":0.0007937746271426485,\"contry_of_res_Kazakhstan\":0.00031319877179693305,\"contry_of_res_Malaysia\":-0.0001511671437143812,\"contry_of_res_Mexico\":9.539994110215352e-5,\"contry_of_res_Netherlands\":0.001340269471978963,\"contry_of_res_New Zealand\":0.004096959441565198,\"contry_of_res_Nicaragua\":0.00041213852994209606,\"contry_of_res_Niger\":0.00044765313369071193,\"contry_of_res_Oman\":-0.0007812403575605707,\"contry_of_res_Pakistan\":-0.00011227969997333514,\"contry_of_res_Romania\":0,\"contry_of_res_Russia\":0.0005345551984032959,\"contry_of_res_Saudi Arabia\":-0.0004328642833810435,\"contry_of_res_Serbia\":3.739415240933119e-7,\"contry_of_res_Sierra Leone\":0.0001863712484814891,\"contry_of_res_South Africa\":3.9106909492484295e-6,\"contry_of_res_Spain\":-0.0002633885823208719,\"contry_of_res_Sri Lanka\":0.0025092298046272936,\"contry_of_res_Sweden\":0.0005069163250036773,\"contry_of_res_Tonga\":0,\"contry_of_res_Ukraine\":-0.0010965772954985027,\"contry_of_res_United Arab Emirates\":0.0021350834208009773,\"contry_of_res_United Kingdom\":-0.007492710850929087,\"contry_of_res_United States\":-0.02089991023427189,\"contry_of_res_Viet Nam\":-0.000929684963147924,\"ethnicity_Asian\":-0.03812279474485451,\"ethnicity_Black\":0.002705447304617052,\"ethnicity_Hispanic\":-0.001617392042720232,\"ethnicity_Latino\":-0.0006633132742723059,\"ethnicity_Middle Eastern \":-7.774006506885198e-5,\"ethnicity_Others\":0.0009960321869529184,\"ethnicity_Pasifika\":-0.00018250203040449966,\"ethnicity_South Asian\":0.0018432098260682808,\"ethnicity_Turkish\":0.0015580088505869822,\"ethnicity_Unknown\":0.006391230361689148,\"ethnicity_White-European\":-0.054572822030647755,\"ethnicity_others\":0,\"gender_Female\":-0.015553031614881802,\"gender_Male\":-0.01775795786088692,\"jaundice_no\":0.0036957501762835804,\"jaundice_yes\":0.0041529304373166456,\"relation_?\":0.00031453903965209754,\"relation_Health care professional\":-0.00046527553196344104,\"relation_Others\":0.0002265774649396883,\"relation_Parent\":-0.005158884726599175,\"relation_Relative\":-0.0030467257286219767,\"relation_Self\":-0.00617803491942231}'),
(10, 10, 10, 'ASD', 'Total skor dari kuesioner adalah 10.', '{\"A10_Score\":0.0024821362678337133,\"A1_Score\":0.01414072468729982,\"A2_Score\":0.023154222138266314,\"A3_Score\":0.030213390616904433,\"A4_Score\":0.03858125361312596,\"A5_Score\":0.02872269323051736,\"A6_Score\":0.10946225976816557,\"A7_Score\":0.025346798725554818,\"A8_Score\":0.03082994374701573,\"A9_Score\":0.033332254998887215,\"age\":-0.044793018649484886,\"austim_no\":0.023314219584670556,\"austim_yes\":0.013976143462498161,\"contry_of_res_Afghanistan\":0.00017842247148294852,\"contry_of_res_AmericanSamoa\":5.841014612994099e-5,\"contry_of_res_Angola\":0,\"contry_of_res_Argentina\":0,\"contry_of_res_Armenia\":-0.0002100657438055584,\"contry_of_res_Aruba\":6.313721917942537e-5,\"contry_of_res_Australia\":-0.0017895397751576546,\"contry_of_res_Austria\":-4.5116229249437054e-5,\"contry_of_res_Azerbaijan\":-0.00034163168887637197,\"contry_of_res_Bahamas\":-0.0008448972149986583,\"contry_of_res_Bangladesh\":0.0006430426984441845,\"contry_of_res_Belgium\":3.888369453710559e-6,\"contry_of_res_Bolivia\":6.38235533649446e-5,\"contry_of_res_Brazil\":0.0007241235964227885,\"contry_of_res_Burundi\":-0.0007609841226217652,\"contry_of_res_Canada\":-0.0031305529831104563,\"contry_of_res_China\":0.0019156512722520247,\"contry_of_res_Cyprus\":-0.0008636441164126592,\"contry_of_res_Czech Republic\":0.00012954671479673056,\"contry_of_res_Egypt\":4.0546499575804195e-5,\"contry_of_res_Ethiopia\":3.1526180973010215e-5,\"contry_of_res_France\":-0.0012871374370854853,\"contry_of_res_Germany\":0.0008073383512681322,\"contry_of_res_Hong Kong\":0.00010051065111259698,\"contry_of_res_Iceland\":8.381925565038246e-6,\"contry_of_res_India\":0.005202611952745332,\"contry_of_res_Indonesia\":-0.0201428979349072,\"contry_of_res_Iran\":2.2979886359761752e-5,\"contry_of_res_Iraq\":0.001970543160559861,\"contry_of_res_Ireland\":-0.001318054349214081,\"contry_of_res_Italy\":0.00031525282487294406,\"contry_of_res_Japan\":4.410720606577468e-6,\"contry_of_res_Jordan\":0.0009888903018301603,\"contry_of_res_Kazakhstan\":9.634850443764339e-7,\"contry_of_res_Malaysia\":-0.00021077482844601301,\"contry_of_res_Mexico\":9.836003242824672e-5,\"contry_of_res_Netherlands\":0.0012419759781979803,\"contry_of_res_New Zealand\":0.004097331232107712,\"contry_of_res_Nicaragua\":0.0007787078252934191,\"contry_of_res_Niger\":-1.864019992919981e-5,\"contry_of_res_Oman\":-0.0010189656219032088,\"contry_of_res_Pakistan\":-1.701863931707603e-5,\"contry_of_res_Romania\":0,\"contry_of_res_Russia\":0.0008638003523518736,\"contry_of_res_Saudi Arabia\":-0.0005166846401043666,\"contry_of_res_Serbia\":3.739415240933119e-7,\"contry_of_res_Sierra Leone\":3.738211924724534e-5,\"contry_of_res_South Africa\":1.5352084836244864e-6,\"contry_of_res_Spain\":-0.00014874809677089838,\"contry_of_res_Sri Lanka\":0.002939810084617002,\"contry_of_res_Sweden\":0.0006539969787167031,\"contry_of_res_Tonga\":0,\"contry_of_res_Ukraine\":-0.00044691904191793787,\"contry_of_res_United Arab Emirates\":0.0009885425880845134,\"contry_of_res_United Kingdom\":0.000958210151208939,\"contry_of_res_United States\":-0.027553136197795088,\"contry_of_res_Viet Nam\":-0.0005524868078763986,\"ethnicity_Asian\":-0.07297975049139123,\"ethnicity_Black\":0.00417391096990021,\"ethnicity_Hispanic\":-0.0021091870950308025,\"ethnicity_Latino\":-0.00037626180288718926,\"ethnicity_Middle Eastern \":-0.001521559119451842,\"ethnicity_Others\":0.0019930432247257583,\"ethnicity_Pasifika\":0.001837074615940261,\"ethnicity_South Asian\":0.001682104430446095,\"ethnicity_Turkish\":0.0022921863009401277,\"ethnicity_Unknown\":0.005318553604983371,\"ethnicity_White-European\":-0.058294232499329225,\"ethnicity_others\":0,\"gender_Female\":0.004578627623315015,\"gender_Male\":0.005390463668303683,\"jaundice_no\":0.004752958608217797,\"jaundice_yes\":0.004986850904089137,\"relation_?\":0.00017140491487451585,\"relation_Health care professional\":-0.0005536980905821523,\"relation_Others\":0.0002812756219933007,\"relation_Parent\":-0.020243080701906436,\"relation_Relative\":-0.0035987784312197665,\"relation_Self\":-0.010233929468863494}'),
(12, 12, 4, 'Non-ASD', 'Total skor dari kuesioner adalah 4.', '{\"A10_Score\":-0.031140848820126053,\"A1_Score\":-0.00011632496530538217,\"A2_Score\":0.013916885603773044,\"A3_Score\":-0.053818314195952184,\"A4_Score\":-0.06901785104335009,\"A5_Score\":-0.04774089031408279,\"A6_Score\":0.07386305734409193,\"A7_Score\":0.04277864538026499,\"A8_Score\":-0.05829344794004649,\"A9_Score\":-0.10209230817760417,\"age\":-0.026759707702273504,\"austim_no\":-0.009419222622177892,\"austim_yes\":-0.00991418363046878,\"contry_of_res_Afghanistan\":0.00036959662868456375,\"contry_of_res_AmericanSamoa\":2.2697240003061553e-5,\"contry_of_res_Angola\":0,\"contry_of_res_Argentina\":0,\"contry_of_res_Armenia\":-0.0002574973013178668,\"contry_of_res_Aruba\":0.00018550969806004444,\"contry_of_res_Australia\":-0.004788309158800042,\"contry_of_res_Austria\":-0.0004220876053630499,\"contry_of_res_Azerbaijan\":-0.0018400580333541071,\"contry_of_res_Bahamas\":-0.0038880127473243688,\"contry_of_res_Bangladesh\":0.00019407931591409314,\"contry_of_res_Belgium\":3.8482347667374895e-6,\"contry_of_res_Bolivia\":1.9341442417996498e-5,\"contry_of_res_Brazil\":0.0003904675574154608,\"contry_of_res_Burundi\":-0.0010309081988720478,\"contry_of_res_Canada\":-0.0031078081615690542,\"contry_of_res_China\":0.00045945137187180217,\"contry_of_res_Cyprus\":-0.0015193814616227773,\"contry_of_res_Czech Republic\":3.505476553422724e-5,\"contry_of_res_Egypt\":2.772847021367235e-5,\"contry_of_res_Ethiopia\":3.2918463412820154e-5,\"contry_of_res_France\":-0.0020635555735818824,\"contry_of_res_Germany\":0.000255802871029467,\"contry_of_res_Hong Kong\":2.4759162252347362e-5,\"contry_of_res_Iceland\":1.512073492345989e-5,\"contry_of_res_India\":0.003329033175934458,\"contry_of_res_Indonesia\":-0.0009818758546910299,\"contry_of_res_Iran\":-0.000669687826119171,\"contry_of_res_Iraq\":0.00026644090484767124,\"contry_of_res_Ireland\":-0.0004966341776180056,\"contry_of_res_Italy\":-7.891246045342553e-5,\"contry_of_res_Japan\":7.294127822646403e-6,\"contry_of_res_Jordan\":0.0007755798546471225,\"contry_of_res_Kazakhstan\":-0.0005370787289701042,\"contry_of_res_Malaysia\":-0.00039731873001298064,\"contry_of_res_Mexico\":8.224204356522524e-5,\"contry_of_res_Netherlands\":0.000590005594057471,\"contry_of_res_New Zealand\":0.0027139420575683915,\"contry_of_res_Nicaragua\":0.00015524659629839984,\"contry_of_res_Niger\":-1.0103429668064514e-5,\"contry_of_res_Oman\":-0.00068907293155835,\"contry_of_res_Pakistan\":9.766775641471507e-5,\"contry_of_res_Romania\":0,\"contry_of_res_Russia\":0.00010181865129418204,\"contry_of_res_Saudi Arabia\":-0.0006985528346359789,\"contry_of_res_Serbia\":1.4710200393430017e-6,\"contry_of_res_Sierra Leone\":6.555219657188273e-6,\"contry_of_res_South Africa\":4.576076026997447e-6,\"contry_of_res_Spain\":-8.764224482239468e-5,\"contry_of_res_Sri Lanka\":0.0016575246999305316,\"contry_of_res_Sweden\":0.00015444427960409257,\"contry_of_res_Tonga\":0,\"contry_of_res_Ukraine\":-0.000307379165333769,\"contry_of_res_United Arab Emirates\":0.0005517986331046353,\"contry_of_res_United Kingdom\":-0.0031017833949508336,\"contry_of_res_United States\":-0.01889937984588056,\"contry_of_res_Viet Nam\":-0.0002871495603691962,\"ethnicity_Asian\":-0.006428944919665059,\"ethnicity_Black\":0.00043538793962010045,\"ethnicity_Hispanic\":-0.002113528430296476,\"ethnicity_Latino\":-7.669345744775394e-5,\"ethnicity_Middle Eastern \":0.000372176166444961,\"ethnicity_Others\":-0.00020890442805263714,\"ethnicity_Pasifika\":-0.003490290013281289,\"ethnicity_South Asian\":0.0005303941021333588,\"ethnicity_Turkish\":0.0011585621594980581,\"ethnicity_Unknown\":0.0036964070016714794,\"ethnicity_White-European\":-0.04716515282841875,\"ethnicity_others\":0,\"gender_Female\":0.0008460821405745866,\"gender_Male\":-0.0011001641184789008,\"jaundice_no\":-0.0026640380905953937,\"jaundice_yes\":-0.0029174843040407506,\"relation_?\":0.000270017724797022,\"relation_Health care professional\":-0.002120631790837064,\"relation_Others\":5.161912899220797e-5,\"relation_Parent\":-0.014674649740225962,\"relation_Relative\":-0.0013864688687993602,\"relation_Self\":-0.0006038797281943297}'),
(13, 13, 4, 'Non-ASD', 'Total skor dari kuesioner adalah 4.', '{\"A10_Score\":-0.025700129383974802,\"A1_Score\":0.0024029360832732408,\"A2_Score\":-0.03525704431015131,\"A3_Score\":0.03214087268949532,\"A4_Score\":0.033408835036383616,\"A5_Score\":0.01955662161526628,\"A6_Score\":-0.08364806599174127,\"A7_Score\":-0.05887313046366716,\"A8_Score\":-0.030609350279514596,\"A9_Score\":-0.0721110149311107,\"age\":-0.05027069936060381,\"austim_no\":-0.014850800294078956,\"austim_yes\":-0.011949942792574745,\"contry_of_res_Afghanistan\":0.00035352010693037836,\"contry_of_res_AmericanSamoa\":3.644651296862387e-5,\"contry_of_res_Angola\":0,\"contry_of_res_Argentina\":0,\"contry_of_res_Armenia\":-0.0008187432494367062,\"contry_of_res_Aruba\":0.00010046975415201096,\"contry_of_res_Australia\":-0.006669502747717659,\"contry_of_res_Austria\":-0.00014361133072927153,\"contry_of_res_Azerbaijan\":-0.0005477427027602072,\"contry_of_res_Bahamas\":-0.004709607348250412,\"contry_of_res_Bangladesh\":0.00018054463357883107,\"contry_of_res_Belgium\":2.0944087916596185e-5,\"contry_of_res_Bolivia\":-0.0006450745330329783,\"contry_of_res_Brazil\":0.00043129900075814664,\"contry_of_res_Burundi\":-0.000870989753418927,\"contry_of_res_Canada\":-0.001301347930440933,\"contry_of_res_China\":0.0005207923400918037,\"contry_of_res_Cyprus\":-0.0008660959102621168,\"contry_of_res_Czech Republic\":4.245049442078531e-5,\"contry_of_res_Egypt\":3.2949345469745305e-5,\"contry_of_res_Ethiopia\":1.9781081122491597e-5,\"contry_of_res_France\":-0.001091597052668519,\"contry_of_res_Germany\":0.00014374874154333617,\"contry_of_res_Hong Kong\":2.3217140993064776e-5,\"contry_of_res_Iceland\":1.5959960200057676e-5,\"contry_of_res_India\":0.00345990132691357,\"contry_of_res_Indonesia\":-0.006566020909997474,\"contry_of_res_Iran\":0.00016201831728909194,\"contry_of_res_Iraq\":0.00020928907410636225,\"contry_of_res_Ireland\":0.0010414716401867825,\"contry_of_res_Italy\":-0.0012637868463351066,\"contry_of_res_Japan\":6.064295868199337e-6,\"contry_of_res_Jordan\":0.00033633649235130996,\"contry_of_res_Kazakhstan\":-0.00023679185184006225,\"contry_of_res_Malaysia\":-0.0002885043612952139,\"contry_of_res_Mexico\":0.00045736231624870626,\"contry_of_res_Netherlands\":0.0006514629005799217,\"contry_of_res_New Zealand\":0.0020003160260843277,\"contry_of_res_Nicaragua\":0.00015525647666434105,\"contry_of_res_Niger\":-0.0003242561761556703,\"contry_of_res_Oman\":-0.001222612958093253,\"contry_of_res_Pakistan\":-0.0004065824236454906,\"contry_of_res_Romania\":0,\"contry_of_res_Russia\":0.00016666856251741798,\"contry_of_res_Saudi Arabia\":-0.00039867609812604493,\"contry_of_res_Serbia\":8.955358005327202e-7,\"contry_of_res_Sierra Leone\":4.79578684892374e-5,\"contry_of_res_South Africa\":2.728685307997756e-6,\"contry_of_res_Spain\":-0.0008956971051665075,\"contry_of_res_Sri Lanka\":0.0008647357015841425,\"contry_of_res_Sweden\":0.00010344184154654638,\"contry_of_res_Tonga\":0,\"contry_of_res_Ukraine\":-5.762475721288301e-5,\"contry_of_res_United Arab Emirates\":0.0006315293878574128,\"contry_of_res_United Kingdom\":-0.003194591214950754,\"contry_of_res_United States\":-0.01972498954882687,\"contry_of_res_Viet Nam\":-0.00026704562640131443,\"ethnicity_Asian\":-0.017268540133921127,\"ethnicity_Black\":0.0011146032161358907,\"ethnicity_Hispanic\":-0.0029945482773854073,\"ethnicity_Latino\":-0.0005390830773867293,\"ethnicity_Middle Eastern \":0.00030188569983249415,\"ethnicity_Others\":0.00026976938849126737,\"ethnicity_Pasifika\":-0.002824919111909682,\"ethnicity_South Asian\":0.0003472917614436344,\"ethnicity_Turkish\":0.0004764470322018581,\"ethnicity_Unknown\":0.0014195328912558107,\"ethnicity_White-European\":-0.06666442869436974,\"ethnicity_others\":0,\"gender_Female\":-0.003731596020706469,\"gender_Male\":-0.0018664200735310928,\"jaundice_no\":-0.007707631678491067,\"jaundice_yes\":-0.010366824032249476,\"relation_?\":0.00039463850478981157,\"relation_Health care professional\":-0.0004483944376806901,\"relation_Others\":0.0001002495722478117,\"relation_Parent\":-0.008282130171431194,\"relation_Relative\":-0.002966697475123719,\"relation_Self\":-0.0016832279296050742}');
INSERT INTO `tb_result` (`id_result`, `id_input`, `total_score`, `hasil_prediksi`, `keterangan`, `feature_contributions`) VALUES
(14, 14, 6, 'Non-ASD', 'Total skor dari kuesioner adalah 6.', '{\"A10_Score\":0.004174362007568433,\"A1_Score\":0.005742657811438031,\"A2_Score\":0.013749788854954035,\"A3_Score\":0.03279051514652012,\"A4_Score\":-0.10365613287833823,\"A5_Score\":-0.05678100014377513,\"A6_Score\":0.08800705662277859,\"A7_Score\":-0.03525013074798516,\"A8_Score\":0.026575760375460635,\"A9_Score\":-0.11316373542300148,\"age\":-0.05275556787382424,\"austim_no\":0.01840032096144281,\"austim_yes\":0.015527740005280424,\"contry_of_res_Afghanistan\":0.00016338872948423491,\"contry_of_res_AmericanSamoa\":2.9666581301674097e-5,\"contry_of_res_Angola\":0,\"contry_of_res_Argentina\":0,\"contry_of_res_Armenia\":-0.0003086876512966125,\"contry_of_res_Aruba\":2.2822880380314835e-5,\"contry_of_res_Australia\":-0.0025532341380700486,\"contry_of_res_Austria\":-6.500319627152677e-5,\"contry_of_res_Azerbaijan\":-0.0022024577040967424,\"contry_of_res_Bahamas\":-0.0007377923339826922,\"contry_of_res_Bangladesh\":0.00024365331379304754,\"contry_of_res_Belgium\":6.879267847951978e-6,\"contry_of_res_Bolivia\":-0.00021491091988890167,\"contry_of_res_Brazil\":0.0004893689854531155,\"contry_of_res_Burundi\":-0.0016124416319362087,\"contry_of_res_Canada\":-0.009818349968432614,\"contry_of_res_China\":0.0005167445717033965,\"contry_of_res_Cyprus\":-0.0006067625828957917,\"contry_of_res_Czech Republic\":6.9057461117567e-5,\"contry_of_res_Egypt\":4.115187003229263e-5,\"contry_of_res_Ethiopia\":0.00014142810167464364,\"contry_of_res_France\":-0.0016526335238829246,\"contry_of_res_Germany\":0.00032482842107085867,\"contry_of_res_Hong Kong\":8.051673902434007e-5,\"contry_of_res_Iceland\":8.853503600150948e-6,\"contry_of_res_India\":0.0042659119213827945,\"contry_of_res_Indonesia\":0.0003125811627088482,\"contry_of_res_Iran\":-0.0005301914064190279,\"contry_of_res_Iraq\":0.0005780979675340386,\"contry_of_res_Ireland\":-0.0002128890952303164,\"contry_of_res_Italy\":0.00035374058253077043,\"contry_of_res_Japan\":6.172256258100537e-6,\"contry_of_res_Jordan\":0.0017732283232207203,\"contry_of_res_Kazakhstan\":-0.00022038278029985016,\"contry_of_res_Malaysia\":-0.00044596158015209643,\"contry_of_res_Mexico\":0.00012831463639862342,\"contry_of_res_Netherlands\":0.000375406783365375,\"contry_of_res_New Zealand\":0.0042068020887037535,\"contry_of_res_Nicaragua\":0.00027386651423139287,\"contry_of_res_Niger\":-6.099845206900723e-5,\"contry_of_res_Oman\":-0.0005152629285886105,\"contry_of_res_Pakistan\":0.0002619327384967867,\"contry_of_res_Romania\":0,\"contry_of_res_Russia\":0.0003717980567567264,\"contry_of_res_Saudi Arabia\":-0.0003843810197117841,\"contry_of_res_Serbia\":1.212176678949687e-6,\"contry_of_res_Sierra Leone\":7.048460566694496e-6,\"contry_of_res_South Africa\":3.5678040975853107e-6,\"contry_of_res_Spain\":-0.0009838828345498248,\"contry_of_res_Sri Lanka\":0.000930804446735603,\"contry_of_res_Sweden\":0.0002626714281915105,\"contry_of_res_Tonga\":0,\"contry_of_res_Ukraine\":-0.0009341616002153415,\"contry_of_res_United Arab Emirates\":0.0009689729548978091,\"contry_of_res_United Kingdom\":-0.0013641535502701284,\"contry_of_res_United States\":-0.02024070302825059,\"contry_of_res_Viet Nam\":-0.00027314894079058803,\"ethnicity_Asian\":-0.024599452421676538,\"ethnicity_Black\":0.0017311543195142496,\"ethnicity_Hispanic\":-0.001602996230747697,\"ethnicity_Latino\":-0.00025766526142786256,\"ethnicity_Middle Eastern \":-0.0008115873658845744,\"ethnicity_Others\":0.000635857818478317,\"ethnicity_Pasifika\":0.00042253477585063804,\"ethnicity_South Asian\":-0.0002966513232303857,\"ethnicity_Turkish\":0.0011194089649389136,\"ethnicity_Unknown\":0.005706706431394074,\"ethnicity_White-European\":-0.030737600966506108,\"ethnicity_others\":0,\"gender_Female\":-0.0023824342118409134,\"gender_Male\":-0.0005399248604351268,\"jaundice_no\":0.0020551223877201415,\"jaundice_yes\":0.0028139077053628645,\"relation_?\":0.00019829401610191668,\"relation_Health care professional\":-0.004220158405301935,\"relation_Others\":0.00014078508265144254,\"relation_Parent\":-0.00807523493225266,\"relation_Relative\":-0.002477361885601468,\"relation_Self\":-0.0024393064345647445}'),
(15, 15, 5, 'Non-ASD', 'Total skor dari kuesioner adalah 5.', '{\"A10_Score\":-0.03715924364429346,\"A1_Score\":-0.025624531917646857,\"A2_Score\":-0.028438442852326457,\"A3_Score\":0.033635007969260854,\"A4_Score\":0.035128849724046,\"A5_Score\":0.02216877515421742,\"A6_Score\":0.05678842414761289,\"A7_Score\":0.04315362515807203,\"A8_Score\":-0.06875894808446172,\"A9_Score\":-0.10452560384785432,\"age\":-0.037929645967670046,\"austim_no\":-0.012549424565154819,\"austim_yes\":-0.008725506192303252,\"contry_of_res_Afghanistan\":0.0004931357003027038,\"contry_of_res_AmericanSamoa\":2.612155724754912e-5,\"contry_of_res_Angola\":0,\"contry_of_res_Argentina\":0,\"contry_of_res_Armenia\":-0.0003027954951249858,\"contry_of_res_Aruba\":0.0001326602055669889,\"contry_of_res_Australia\":-0.003109699649135294,\"contry_of_res_Austria\":-0.00035424018636660923,\"contry_of_res_Azerbaijan\":-0.0006247827256675122,\"contry_of_res_Bahamas\":-0.008187170613310719,\"contry_of_res_Bangladesh\":0.00039468895494293053,\"contry_of_res_Belgium\":6.904653097944427e-6,\"contry_of_res_Bolivia\":-8.641233422252123e-5,\"contry_of_res_Brazil\":0.00036728807076604733,\"contry_of_res_Burundi\":-0.0005616490271871554,\"contry_of_res_Canada\":-0.0009613987671863967,\"contry_of_res_China\":0.0005666532970220329,\"contry_of_res_Cyprus\":-0.0006430708135137653,\"contry_of_res_Czech Republic\":4.126767101462613e-5,\"contry_of_res_Egypt\":3.062410624582238e-5,\"contry_of_res_Ethiopia\":5.062168836673796e-5,\"contry_of_res_France\":-0.0007192020131927031,\"contry_of_res_Germany\":0.00035989524838760296,\"contry_of_res_Hong Kong\":2.633747350943755e-5,\"contry_of_res_Iceland\":1.2475939316217063e-5,\"contry_of_res_India\":0.003823428889224116,\"contry_of_res_Indonesia\":-0.004117939691161893,\"contry_of_res_Iran\":-0.00013022741514945007,\"contry_of_res_Iraq\":0.0003121701596381946,\"contry_of_res_Ireland\":-0.00015388959103195094,\"contry_of_res_Italy\":-0.00015513033542807931,\"contry_of_res_Japan\":4.964036653816387e-6,\"contry_of_res_Jordan\":9.05940687333799e-5,\"contry_of_res_Kazakhstan\":0.00026612248907935756,\"contry_of_res_Malaysia\":-0.0001646649591583461,\"contry_of_res_Mexico\":0.00035275679481898333,\"contry_of_res_Netherlands\":0.003500759846655208,\"contry_of_res_New Zealand\":0.0030475451396545683,\"contry_of_res_Nicaragua\":0.00024703925318625663,\"contry_of_res_Niger\":4.89732436650185e-5,\"contry_of_res_Oman\":-0.0011826366537471536,\"contry_of_res_Pakistan\":-0.00014593437591241704,\"contry_of_res_Romania\":0,\"contry_of_res_Russia\":0.000171795616266957,\"contry_of_res_Saudi Arabia\":-0.00036295372166020073,\"contry_of_res_Serbia\":3.771622380015198e-7,\"contry_of_res_Sierra Leone\":4.79578684892374e-5,\"contry_of_res_South Africa\":2.6391384110616313e-6,\"contry_of_res_Spain\":-3.247669286749494e-5,\"contry_of_res_Sri Lanka\":0.002156973000967441,\"contry_of_res_Sweden\":0.0001397713156939398,\"contry_of_res_Tonga\":0,\"contry_of_res_Ukraine\":-0.000218265875754124,\"contry_of_res_United Arab Emirates\":0.0007472566166938994,\"contry_of_res_United Kingdom\":-0.007112993936750806,\"contry_of_res_United States\":-0.02299379115660782,\"contry_of_res_Viet Nam\":-0.00037948562988158774,\"ethnicity_Asian\":-0.00805482342164078,\"ethnicity_Black\":0.0005822956657100824,\"ethnicity_Hispanic\":-0.0021712227925296027,\"ethnicity_Latino\":-0.0009169033898810379,\"ethnicity_Middle Eastern \":0.0001713304631466901,\"ethnicity_Others\":0.00043266214419313,\"ethnicity_Pasifika\":-0.002801724381338911,\"ethnicity_South Asian\":0.0008697466107049262,\"ethnicity_Turkish\":0.0015541925482538514,\"ethnicity_Unknown\":0.005380776724260723,\"ethnicity_White-European\":-0.09029016500163137,\"ethnicity_others\":0,\"gender_Female\":-0.008674775967246378,\"gender_Male\":-0.008953373157722534,\"jaundice_no\":-0.008028321513170202,\"jaundice_yes\":-0.0033284518130797026,\"relation_?\":0.0003344812656577228,\"relation_Health care professional\":-0.0005865617142653547,\"relation_Others\":5.410028392485786e-5,\"relation_Parent\":-0.0047468074123705566,\"relation_Relative\":-0.002240767766065065,\"relation_Self\":0.0005091217801261588}'),
(16, 16, 5, 'Non-ASD', 'Total skor dari kuesioner adalah 5.', '{\"A10_Score\":0.00552038864877985,\"A1_Score\":-0.01964884879092832,\"A2_Score\":0.011507222012042365,\"A3_Score\":0.03221883051552022,\"A4_Score\":-0.09363069648120559,\"A5_Score\":0.01689697532887408,\"A6_Score\":-0.09178550516823686,\"A7_Score\":-0.03130436013342695,\"A8_Score\":0.01044857613832332,\"A9_Score\":-0.07412009741595194,\"age\":-0.05515762588856231,\"austim_no\":0.028818169295867776,\"austim_yes\":0.02503994381117418,\"contry_of_res_Afghanistan\":0.0003070954711112785,\"contry_of_res_AmericanSamoa\":5.492034602514621e-5,\"contry_of_res_Angola\":0,\"contry_of_res_Argentina\":0,\"contry_of_res_Armenia\":-0.00020998898775689926,\"contry_of_res_Aruba\":3.5467304277788435e-5,\"contry_of_res_Australia\":-0.0013780114484946884,\"contry_of_res_Austria\":-0.0001747231180980553,\"contry_of_res_Azerbaijan\":-0.0012259102702469504,\"contry_of_res_Bahamas\":-0.001104349257234619,\"contry_of_res_Bangladesh\":0.00022888165164170577,\"contry_of_res_Belgium\":5.223614925976143e-6,\"contry_of_res_Bolivia\":-0.0003364562537228725,\"contry_of_res_Brazil\":0.00035033729980040454,\"contry_of_res_Burundi\":-0.0013454665269715187,\"contry_of_res_Canada\":-0.010351396489717989,\"contry_of_res_China\":0.0004025610437241364,\"contry_of_res_Cyprus\":-0.0007523274877306203,\"contry_of_res_Czech Republic\":8.163461474404163e-5,\"contry_of_res_Egypt\":3.765636221247569e-5,\"contry_of_res_Ethiopia\":0.0006892958651629488,\"contry_of_res_France\":-0.0007481461967251756,\"contry_of_res_Germany\":0.0001481168853346609,\"contry_of_res_Hong Kong\":8.558019101843885e-5,\"contry_of_res_Iceland\":8.912532527873302e-6,\"contry_of_res_India\":0.003316916609245548,\"contry_of_res_Indonesia\":-0.005492782038459467,\"contry_of_res_Iran\":6.728790649567072e-5,\"contry_of_res_Iraq\":0.0003765493633086082,\"contry_of_res_Ireland\":9.3839822077783e-5,\"contry_of_res_Italy\":-0.00023999492512772515,\"contry_of_res_Japan\":1.3092480389552229e-5,\"contry_of_res_Jordan\":0.0011090259419613258,\"contry_of_res_Kazakhstan\":-5.071034206553367e-5,\"contry_of_res_Malaysia\":-0.00024198757265830485,\"contry_of_res_Mexico\":0.0004088402764584148,\"contry_of_res_Netherlands\":0.0006572036857357197,\"contry_of_res_New Zealand\":0.0024529728013561575,\"contry_of_res_Nicaragua\":0.00021086859861304866,\"contry_of_res_Niger\":4.2576758902075595e-5,\"contry_of_res_Oman\":-0.0005153344197576524,\"contry_of_res_Pakistan\":-0.0003024980257384366,\"contry_of_res_Romania\":0,\"contry_of_res_Russia\":0.0009707350943708018,\"contry_of_res_Saudi Arabia\":-0.00034450467832548945,\"contry_of_res_Serbia\":4.621113974116642e-7,\"contry_of_res_Sierra Leone\":1.862274434959255e-5,\"contry_of_res_South Africa\":9.644812002484575e-6,\"contry_of_res_Spain\":-0.0013336094974367464,\"contry_of_res_Sri Lanka\":0.0009504710417127224,\"contry_of_res_Sweden\":0.0001284834727732457,\"contry_of_res_Tonga\":0,\"contry_of_res_Ukraine\":-0.00024701985131026156,\"contry_of_res_United Arab Emirates\":0.0011211392978776752,\"contry_of_res_United Kingdom\":-0.005487293395950532,\"contry_of_res_United States\":-0.03373933605546807,\"contry_of_res_Viet Nam\":-0.00032413479679353584,\"ethnicity_Asian\":-0.02603658241296359,\"ethnicity_Black\":0.002540041274843838,\"ethnicity_Hispanic\":-0.0038523290677390603,\"ethnicity_Latino\":-0.0008782294594130163,\"ethnicity_Middle Eastern \":-0.0005989844157179309,\"ethnicity_Others\":0.00028365013164309734,\"ethnicity_Pasifika\":-9.909170351210658e-6,\"ethnicity_South Asian\":-0.0008663138699800657,\"ethnicity_Turkish\":0.0004813320939644927,\"ethnicity_Unknown\":0.003755251742988577,\"ethnicity_White-European\":-0.04581414624672768,\"ethnicity_others\":0,\"gender_Female\":-0.0039584539399989465,\"gender_Male\":-0.0019203849507810353,\"jaundice_no\":-0.0020649709122823713,\"jaundice_yes\":-0.0007019027662984722,\"relation_?\":0.00024381900026825698,\"relation_Health care professional\":-0.0005613577484354917,\"relation_Others\":0.00012603171215521148,\"relation_Parent\":-0.0027237195485198622,\"relation_Relative\":-0.002905333531462031,\"relation_Self\":-0.006751782370536865}'),
(17, 17, 4, 'Non-ASD', 'Total skor dari kuesioner adalah 4.', '{\"A10_Score\":-0.04377366175363158,\"A1_Score\":-0.026434799648852574,\"A2_Score\":-0.04425531563857485,\"A3_Score\":0.03496958737394161,\"A4_Score\":0.040766398044255844,\"A5_Score\":0.020723741044833665,\"A6_Score\":0.06412565602435383,\"A7_Score\":-0.0598055657117909,\"A8_Score\":-0.04742646425857959,\"A9_Score\":-0.11166060735932913,\"age\":-0.02120679377113689,\"austim_no\":-0.016535727418115344,\"austim_yes\":-0.01134239012736337,\"contry_of_res_Afghanistan\":0.0011452839510788224,\"contry_of_res_AmericanSamoa\":1.9253479215667098e-5,\"contry_of_res_Angola\":0,\"contry_of_res_Argentina\":0,\"contry_of_res_Armenia\":-0.0009758834185332174,\"contry_of_res_Aruba\":6.991990495458282e-5,\"contry_of_res_Australia\":-0.00359074990421237,\"contry_of_res_Austria\":-0.00020518988079918447,\"contry_of_res_Azerbaijan\":-0.00035695277157045597,\"contry_of_res_Bahamas\":-0.005021232630256904,\"contry_of_res_Bangladesh\":0.0002928548395804535,\"contry_of_res_Belgium\":8.757656087910558e-6,\"contry_of_res_Bolivia\":-0.0004887564796637535,\"contry_of_res_Brazil\":0.0003758001281733965,\"contry_of_res_Burundi\":-0.0013618040034210032,\"contry_of_res_Canada\":-0.00118926937868853,\"contry_of_res_China\":0.0006035692528871321,\"contry_of_res_Cyprus\":-0.0005059763879316121,\"contry_of_res_Czech Republic\":4.523467067672611e-5,\"contry_of_res_Egypt\":2.5375095958810732e-5,\"contry_of_res_Ethiopia\":6.635175016644276e-5,\"contry_of_res_France\":-0.0005873636524497522,\"contry_of_res_Germany\":0.00025839426088045716,\"contry_of_res_Hong Kong\":2.2120641152188803e-5,\"contry_of_res_Iceland\":1.6018801501294037e-5,\"contry_of_res_India\":0.003904985439524279,\"contry_of_res_Indonesia\":0.0024845509668881987,\"contry_of_res_Iran\":7.772125910176407e-6,\"contry_of_res_Iraq\":0.0002915897503772927,\"contry_of_res_Ireland\":0.0006953990223309752,\"contry_of_res_Italy\":-3.9998603634849834e-5,\"contry_of_res_Japan\":3.539017421693519e-6,\"contry_of_res_Jordan\":0.0009612806101013104,\"contry_of_res_Kazakhstan\":-0.0001402197944871034,\"contry_of_res_Malaysia\":-0.00024465569103214186,\"contry_of_res_Mexico\":0.0003696586455296676,\"contry_of_res_Netherlands\":0.001112934978597408,\"contry_of_res_New Zealand\":0.0027185811633680048,\"contry_of_res_Nicaragua\":0.00024981954332195945,\"contry_of_res_Niger\":-7.216029638977508e-6,\"contry_of_res_Oman\":-0.001024029490112223,\"contry_of_res_Pakistan\":-9.094707030024324e-5,\"contry_of_res_Romania\":0,\"contry_of_res_Russia\":0.00015148942920392898,\"contry_of_res_Saudi Arabia\":-0.00036300925180246524,\"contry_of_res_Serbia\":6.718999418422109e-7,\"contry_of_res_Sierra Leone\":4.79578684892374e-5,\"contry_of_res_South Africa\":1.7746081506145303e-6,\"contry_of_res_Spain\":-2.929345031538416e-5,\"contry_of_res_Sri Lanka\":0.0010969161798141105,\"contry_of_res_Sweden\":0.00012369432568151112,\"contry_of_res_Tonga\":0,\"contry_of_res_Ukraine\":-9.148555583451509e-5,\"contry_of_res_United Arab Emirates\":0.000716230588894551,\"contry_of_res_United Kingdom\":-0.007774663462187277,\"contry_of_res_United States\":-0.02004139877404572,\"contry_of_res_Viet Nam\":-0.00017584179334111853,\"ethnicity_Asian\":-0.01738503485307001,\"ethnicity_Black\":0.001254379422064552,\"ethnicity_Hispanic\":-0.0026721123587398663,\"ethnicity_Latino\":-0.00028617981874167034,\"ethnicity_Middle Eastern \":0.0015083080113900127,\"ethnicity_Others\":0.0011666026558831834,\"ethnicity_Pasifika\":-0.003725146638269797,\"ethnicity_South Asian\":0.0008218882133227685,\"ethnicity_Turkish\":0.0006045910546973138,\"ethnicity_Unknown\":0.0025095560018016747,\"ethnicity_White-European\":-0.08997035769303947,\"ethnicity_others\":0,\"gender_Female\":0.000807204873246336,\"gender_Male\":0.0005743505012189424,\"jaundice_no\":-0.0029230785624941567,\"jaundice_yes\":-0.0022099462388163417,\"relation_?\":0.00032367298259501463,\"relation_Health care professional\":-0.0008365728626464464,\"relation_Others\":0.00010216885094770193,\"relation_Parent\":-0.0038919144703079504,\"relation_Relative\":-0.0011858463183497176,\"relation_Self\":0.004714699108198706}'),
(18, 18, 4, 'Non-ASD', 'Total skor dari kuesioner adalah 4.', '{\"A10_Score\":-0.052133140905736224,\"A1_Score\":-0.00014348047122833378,\"A2_Score\":0.014158972295165275,\"A3_Score\":0.026063634167373718,\"A4_Score\":-0.06085514401183495,\"A5_Score\":0.01680611431722744,\"A6_Score\":0.07758284935794005,\"A7_Score\":-0.059051195841528965,\"A8_Score\":-0.04258735778800332,\"A9_Score\":-0.10660348301999012,\"age\":-0.025600996725526563,\"austim_no\":-0.016162015331551587,\"austim_yes\":-0.011585892903310722,\"contry_of_res_Afghanistan\":0.00044505348552284973,\"contry_of_res_AmericanSamoa\":2.383602069081822e-5,\"contry_of_res_Angola\":0,\"contry_of_res_Argentina\":0,\"contry_of_res_Armenia\":-0.0011116385987086867,\"contry_of_res_Aruba\":0.0001968159581613196,\"contry_of_res_Australia\":-0.004873678166158813,\"contry_of_res_Austria\":-0.00011060290340066304,\"contry_of_res_Azerbaijan\":-0.0022562455606324945,\"contry_of_res_Bahamas\":-0.0013554237912688913,\"contry_of_res_Bangladesh\":0.00018752301164575653,\"contry_of_res_Belgium\":7.357460423589171e-6,\"contry_of_res_Bolivia\":-0.0003414683480661018,\"contry_of_res_Brazil\":0.0006876877861205416,\"contry_of_res_Burundi\":-0.0017232874853586638,\"contry_of_res_Canada\":-0.0017580720092623165,\"contry_of_res_China\":0.0004608749899193371,\"contry_of_res_Cyprus\":-0.0004578894037427306,\"contry_of_res_Czech Republic\":9.981556988071211e-5,\"contry_of_res_Egypt\":3.328691807380473e-5,\"contry_of_res_Ethiopia\":5.34996405339238e-5,\"contry_of_res_France\":-0.00040523449294219886,\"contry_of_res_Germany\":0.00017320108336372502,\"contry_of_res_Hong Kong\":2.532295510814621e-5,\"contry_of_res_Iceland\":8.086362709340905e-6,\"contry_of_res_India\":0.004378772461770395,\"contry_of_res_Indonesia\":0.003228009760671007,\"contry_of_res_Iran\":0.00012564656697180952,\"contry_of_res_Iraq\":0.00023362253496699744,\"contry_of_res_Ireland\":-5.8742673893517406e-5,\"contry_of_res_Italy\":-0.0002894092411960268,\"contry_of_res_Japan\":3.469082358451024e-6,\"contry_of_res_Jordan\":0.0010943819864812025,\"contry_of_res_Kazakhstan\":7.398996010378564e-5,\"contry_of_res_Malaysia\":-0.0002184291589183034,\"contry_of_res_Mexico\":8.901378198608481e-5,\"contry_of_res_Netherlands\":0.000631384798118804,\"contry_of_res_New Zealand\":0.002585113621676991,\"contry_of_res_Nicaragua\":0.00036708614761182573,\"contry_of_res_Niger\":-7.020307988669007e-5,\"contry_of_res_Oman\":-0.0017179555464208159,\"contry_of_res_Pakistan\":-4.432107551448211e-5,\"contry_of_res_Romania\":0,\"contry_of_res_Russia\":0.0001257220922548113,\"contry_of_res_Saudi Arabia\":-0.00018996755654223743,\"contry_of_res_Serbia\":3.7111893873393437e-6,\"contry_of_res_Sierra Leone\":1.6771771796562992e-5,\"contry_of_res_South Africa\":2.860874287333602e-6,\"contry_of_res_Spain\":-0.000756695507527899,\"contry_of_res_Sri Lanka\":0.0006314672054245809,\"contry_of_res_Sweden\":0.00011196327445920752,\"contry_of_res_Tonga\":0,\"contry_of_res_Ukraine\":-7.340989274401023e-5,\"contry_of_res_United Arab Emirates\":0.0006412265489446578,\"contry_of_res_United Kingdom\":-0.00308808663998676,\"contry_of_res_United States\":-0.021761672074965783,\"contry_of_res_Viet Nam\":-0.0001916019040784252,\"ethnicity_Asian\":-0.009303485114128861,\"ethnicity_Black\":0.0011784004723193403,\"ethnicity_Hispanic\":-0.0025794892916367585,\"ethnicity_Latino\":-0.00011415040274030024,\"ethnicity_Middle Eastern \":0.0006299945648304144,\"ethnicity_Others\":0.0005587454518919533,\"ethnicity_Pasifika\":-0.0025593633316252167,\"ethnicity_South Asian\":-0.000125866358122427,\"ethnicity_Turkish\":0.0004640120021606455,\"ethnicity_Unknown\":0.006489606142137407,\"ethnicity_White-European\":-0.05468495123359735,\"ethnicity_others\":0,\"gender_Female\":0.0029608478505888814,\"gender_Male\":-0.000762666612953316,\"jaundice_no\":0.0022728054732811887,\"jaundice_yes\":0.0001782672858697705,\"relation_?\":0.0005446113791594598,\"relation_Health care professional\":-0.0012717646706789697,\"relation_Others\":9.130520713001095e-5,\"relation_Parent\":-0.0024375204398571046,\"relation_Relative\":-0.001930505988234882,\"relation_Self\":0.007646896468037943}'),
(19, 19, 5, 'Non-ASD', 'Total skor dari kuesioner adalah 5.', '{\"A10_Score\":-0.040694325465291455,\"A1_Score\":0.011885842853030267,\"A2_Score\":0.02270816024716149,\"A3_Score\":0.02416748058610487,\"A4_Score\":0.05750387965561579,\"A5_Score\":-0.06037339087534058,\"A6_Score\":-0.10168441770240515,\"A7_Score\":-0.03842884454168805,\"A8_Score\":-0.04416039149532524,\"A9_Score\":0.023816646231478233,\"age\":-0.04220268164903626,\"austim_no\":-0.01264176666984114,\"austim_yes\":-0.012779429874211752,\"contry_of_res_Afghanistan\":0.0006276928524821466,\"contry_of_res_AmericanSamoa\":9.564953067723483e-5,\"contry_of_res_Angola\":0,\"contry_of_res_Argentina\":0,\"contry_of_res_Armenia\":-0.0006206597505487355,\"contry_of_res_Aruba\":0.0001103357668230831,\"contry_of_res_Australia\":-0.00997840207511624,\"contry_of_res_Austria\":-0.000456021644449961,\"contry_of_res_Azerbaijan\":-0.0008111771781291121,\"contry_of_res_Bahamas\":-0.0020713427477981193,\"contry_of_res_Bangladesh\":0.0003265108654693795,\"contry_of_res_Belgium\":5.1725040336819815e-6,\"contry_of_res_Bolivia\":-0.0007909954598612483,\"contry_of_res_Brazil\":0.0005473507873377069,\"contry_of_res_Burundi\":-0.0008609082683760674,\"contry_of_res_Canada\":-0.0011290590306010624,\"contry_of_res_China\":0.00048562600216545517,\"contry_of_res_Cyprus\":-0.003706921924849622,\"contry_of_res_Czech Republic\":7.077673806290226e-5,\"contry_of_res_Egypt\":3.775409041310566e-5,\"contry_of_res_Ethiopia\":2.8320596103776305e-5,\"contry_of_res_France\":-0.0015411573157773158,\"contry_of_res_Germany\":0.0002025605791461432,\"contry_of_res_Hong Kong\":2.826784462358122e-5,\"contry_of_res_Iceland\":9.182029123015778e-6,\"contry_of_res_India\":0.0035573967864548747,\"contry_of_res_Indonesia\":-0.004853772085275338,\"contry_of_res_Iran\":-4.320854837773889e-5,\"contry_of_res_Iraq\":0.00027093168999960625,\"contry_of_res_Ireland\":6.552869655132127e-5,\"contry_of_res_Italy\":-0.0006466794649840168,\"contry_of_res_Japan\":1.4311955050523287e-5,\"contry_of_res_Jordan\":0.0013060722606385029,\"contry_of_res_Kazakhstan\":-0.0001612444816114902,\"contry_of_res_Malaysia\":-0.0033243747536472303,\"contry_of_res_Mexico\":0.0002358977037801578,\"contry_of_res_Netherlands\":0.001125740855884196,\"contry_of_res_New Zealand\":0.0038673200699743766,\"contry_of_res_Nicaragua\":0.0001487204364927548,\"contry_of_res_Niger\":-4.189710259871658e-5,\"contry_of_res_Oman\":-0.0008940313405734455,\"contry_of_res_Pakistan\":-0.00047975737811729445,\"contry_of_res_Romania\":0,\"contry_of_res_Russia\":0.00022831404353634908,\"contry_of_res_Saudi Arabia\":-0.00021897155395980716,\"contry_of_res_Serbia\":1.2346073591817014e-6,\"contry_of_res_Sierra Leone\":1.15411010703213e-5,\"contry_of_res_South Africa\":3.5192586794164336e-6,\"contry_of_res_Spain\":0.0005533308882753117,\"contry_of_res_Sri Lanka\":0.0011146570161377491,\"contry_of_res_Sweden\":0.000142030401198171,\"contry_of_res_Tonga\":0,\"contry_of_res_Ukraine\":-0.00042048691127951455,\"contry_of_res_United Arab Emirates\":0.00075807775752522,\"contry_of_res_United Kingdom\":-0.0023365869193546027,\"contry_of_res_United States\":-0.03612561825479714,\"contry_of_res_Viet Nam\":-0.00025396825306589444,\"ethnicity_Asian\":-0.00011715082608025131,\"ethnicity_Black\":0.0019033044216618788,\"ethnicity_Hispanic\":-0.006943618363817709,\"ethnicity_Latino\":-0.0005204584905292949,\"ethnicity_Middle Eastern \":-0.0008597217822458284,\"ethnicity_Others\":-0.0009745932968612165,\"ethnicity_Pasifika\":0.0015156875871892234,\"ethnicity_South Asian\":0.0009526156757333827,\"ethnicity_Turkish\":0.00046807096666353054,\"ethnicity_Unknown\":0.0007368565776510309,\"ethnicity_White-European\":-0.06568889516777378,\"ethnicity_others\":0,\"gender_Female\":-0.0045020858016864744,\"gender_Male\":-0.0011458054555277908,\"jaundice_no\":0.0014372717560144097,\"jaundice_yes\":0.0002311327578868038,\"relation_?\":0.0001875427583064784,\"relation_Health care professional\":-0.0007232399842281061,\"relation_Others\":0.00023290774696299157,\"relation_Parent\":-0.009685154785323967,\"relation_Relative\":-0.0039585003048574,\"relation_Self\":-0.002848378777352984}'),
(20, 20, 6, 'Non-ASD', 'Total skor dari kuesioner adalah 6.', '{\"A10_Score\":-0.005914780704688246,\"A1_Score\":0.012568463896780116,\"A2_Score\":0.023768457206490203,\"A3_Score\":0.036379724724684856,\"A4_Score\":0.04915205861554431,\"A5_Score\":0.023462498654358,\"A6_Score\":-0.10885780060287076,\"A7_Score\":-0.028410448489801433,\"A8_Score\":-0.039078424620875345,\"A9_Score\":-0.08828802242512884,\"age\":-0.05682681544970222,\"austim_no\":0.04284901280036663,\"austim_yes\":0.032680058428639185,\"contry_of_res_Afghanistan\":0.00023914032591063343,\"contry_of_res_AmericanSamoa\":6.570474595143772e-5,\"contry_of_res_Angola\":0,\"contry_of_res_Argentina\":0,\"contry_of_res_Armenia\":-0.00039450374229757767,\"contry_of_res_Aruba\":5.8801461151510406e-5,\"contry_of_res_Australia\":-0.004038668435610829,\"contry_of_res_Austria\":1.3563722666297887e-5,\"contry_of_res_Azerbaijan\":-0.0006990801821617719,\"contry_of_res_Bahamas\":-0.0027781360157062766,\"contry_of_res_Bangladesh\":0.00031655027723011205,\"contry_of_res_Belgium\":4.448526573583952e-6,\"contry_of_res_Bolivia\":-0.0005174081796460525,\"contry_of_res_Brazil\":0.00040650972962474907,\"contry_of_res_Burundi\":-0.0007967541167591982,\"contry_of_res_Canada\":-0.01298088798876895,\"contry_of_res_China\":0.0008430222054592106,\"contry_of_res_Cyprus\":-0.0018193670104122703,\"contry_of_res_Czech Republic\":0.0001212625342955482,\"contry_of_res_Egypt\":2.976790347734436e-5,\"contry_of_res_Ethiopia\":8.215922617316164e-5,\"contry_of_res_France\":-0.0008340080696745861,\"contry_of_res_Germany\":0.000174355219107219,\"contry_of_res_Hong Kong\":8.555748915678189e-5,\"contry_of_res_Iceland\":7.35125661835849e-6,\"contry_of_res_India\":0.003242212175317477,\"contry_of_res_Indonesia\":-0.010771111608075819,\"contry_of_res_Iran\":0.00020416259466318138,\"contry_of_res_Iraq\":0.0008030908130844215,\"contry_of_res_Ireland\":0.0002644272236305833,\"contry_of_res_Italy\":-0.0008179871652813719,\"contry_of_res_Japan\":8.359615350856915e-6,\"contry_of_res_Jordan\":0.0007854079798873123,\"contry_of_res_Kazakhstan\":-0.0007178400320878448,\"contry_of_res_Malaysia\":-0.000509738855367329,\"contry_of_res_Mexico\":0.0004738740563619162,\"contry_of_res_Netherlands\":0.0008715331708597189,\"contry_of_res_New Zealand\":0.0027725946588898283,\"contry_of_res_Nicaragua\":0.000305738048373439,\"contry_of_res_Niger\":-9.932681162967294e-5,\"contry_of_res_Oman\":-0.0006599076731277938,\"contry_of_res_Pakistan\":-0.00029555111619586046,\"contry_of_res_Romania\":0,\"contry_of_res_Russia\":0.0007395733535445458,\"contry_of_res_Saudi Arabia\":-0.0004056341883422105,\"contry_of_res_Serbia\":4.980857893908159e-7,\"contry_of_res_Sierra Leone\":6.138287359443535e-5,\"contry_of_res_South Africa\":2.455672468011265e-6,\"contry_of_res_Spain\":-0.0002075884706027923,\"contry_of_res_Sri Lanka\":0.0016338949059348008,\"contry_of_res_Sweden\":0.0001942509070563024,\"contry_of_res_Tonga\":0,\"contry_of_res_Ukraine\":-0.00014807775972834072,\"contry_of_res_United Arab Emirates\":0.0008926855033437654,\"contry_of_res_United Kingdom\":-0.0022097206832343043,\"contry_of_res_United States\":-0.02873448702755646,\"contry_of_res_Viet Nam\":-0.0003126776791989592,\"ethnicity_Asian\":-0.02662577826706279,\"ethnicity_Black\":0.004096853599837142,\"ethnicity_Hispanic\":-0.0059542884529898525,\"ethnicity_Latino\":-0.00033329594644752327,\"ethnicity_Middle Eastern \":-0.0006583728245698063,\"ethnicity_Others\":0.0009342627431650097,\"ethnicity_Pasifika\":-0.001951175509921684,\"ethnicity_South Asian\":0.0008097541428950645,\"ethnicity_Turkish\":0.0005780233798782248,\"ethnicity_Unknown\":0.004626949440727277,\"ethnicity_White-European\":-0.045322468071073305,\"ethnicity_others\":0,\"gender_Female\":-0.0017793033584593719,\"gender_Male\":-0.000970980232616008,\"jaundice_no\":0.005196978800243156,\"jaundice_yes\":0.003949958542991597,\"relation_?\":0.000558266865631539,\"relation_Health care professional\":-0.00041088484636084006,\"relation_Others\":0.0011533849071343964,\"relation_Parent\":-0.00842399374787385,\"relation_Relative\":-0.0015551526048926702,\"relation_Self\":-0.015331462261055466}'),
(21, 21, 5, 'Non-ASD', 'Total skor dari kuesioner adalah 5.', '{\"A10_Score\":-0.0431290761406762,\"A1_Score\":-0.02020029674290107,\"A2_Score\":0.009762239394193146,\"A3_Score\":0.028112291985890818,\"A4_Score\":-0.08133948478968527,\"A5_Score\":-0.040835958662971836,\"A6_Score\":0.06548648725637726,\"A7_Score\":0.04214002657273699,\"A8_Score\":0.028629432072088352,\"A9_Score\":-0.12184814363232413,\"age\":-0.03693623351643687,\"austim_no\":-0.009018081848874154,\"austim_yes\":-0.009717468658958466,\"contry_of_res_Afghanistan\":0.00033224271027019987,\"contry_of_res_AmericanSamoa\":3.272590628031493e-5,\"contry_of_res_Angola\":0,\"contry_of_res_Argentina\":0,\"contry_of_res_Armenia\":-0.00016750719278490025,\"contry_of_res_Aruba\":0.0001983696496474229,\"contry_of_res_Australia\":-0.002099790072824907,\"contry_of_res_Austria\":-0.00022477713473519742,\"contry_of_res_Azerbaijan\":-0.0023303410778299787,\"contry_of_res_Bahamas\":-0.0015016038240898968,\"contry_of_res_Bangladesh\":0.00022425871205033012,\"contry_of_res_Belgium\":4.21414901663435e-6,\"contry_of_res_Bolivia\":0.0004249615110801003,\"contry_of_res_Brazil\":0.0012098015029174763,\"contry_of_res_Burundi\":-0.0012358681943283839,\"contry_of_res_Canada\":-0.003925583980348447,\"contry_of_res_China\":0.0003725147859487951,\"contry_of_res_Cyprus\":-0.0011956815339144728,\"contry_of_res_Czech Republic\":4.35960309881016e-5,\"contry_of_res_Egypt\":2.514737037891345e-5,\"contry_of_res_Ethiopia\":5.898883291391637e-5,\"contry_of_res_France\":-0.0031451746418907785,\"contry_of_res_Germany\":0.00044151669674594905,\"contry_of_res_Hong Kong\":3.2094662155720596e-5,\"contry_of_res_Iceland\":1.0741736173654083e-5,\"contry_of_res_India\":0.004253777344621535,\"contry_of_res_Indonesia\":-0.0011063587863044493,\"contry_of_res_Iran\":-0.0006887663783796416,\"contry_of_res_Iraq\":0.0002442359137956257,\"contry_of_res_Ireland\":-6.006654250214029e-5,\"contry_of_res_Italy\":0.0002763945703617281,\"contry_of_res_Japan\":6.977362296013917e-6,\"contry_of_res_Jordan\":0.0010061625668855924,\"contry_of_res_Kazakhstan\":0.0005585631373125528,\"contry_of_res_Malaysia\":-0.0002689405801340654,\"contry_of_res_Mexico\":8.577177578878777e-5,\"contry_of_res_Netherlands\":0.0012407566687282622,\"contry_of_res_New Zealand\":0.0030783914516445813,\"contry_of_res_Nicaragua\":0.00017655128985238618,\"contry_of_res_Niger\":2.7275932726786017e-5,\"contry_of_res_Oman\":-0.000731217633234198,\"contry_of_res_Pakistan\":0.00017905121622391128,\"contry_of_res_Romania\":0,\"contry_of_res_Russia\":0.00018212962327364323,\"contry_of_res_Saudi Arabia\":-0.0002213504646118592,\"contry_of_res_Serbia\":7.815661086430112e-7,\"contry_of_res_Sierra Leone\":1.1095909496910387e-5,\"contry_of_res_South Africa\":9.809033106394176e-6,\"contry_of_res_Spain\":-0.00044699621862522314,\"contry_of_res_Sri Lanka\":0.0017357257003627869,\"contry_of_res_Sweden\":0.00014182553383410042,\"contry_of_res_Tonga\":0,\"contry_of_res_Ukraine\":-0.0005942276544604044,\"contry_of_res_United Arab Emirates\":0.00098829909880832,\"contry_of_res_United Kingdom\":-0.008687556398974176,\"contry_of_res_United States\":-0.03334008550346273,\"contry_of_res_Viet Nam\":-0.0003717492347788133,\"ethnicity_Asian\":-0.004969956602996814,\"ethnicity_Black\":-0.00011370546826165614,\"ethnicity_Hispanic\":-0.004038210290945886,\"ethnicity_Latino\":-0.00014872143963023344,\"ethnicity_Middle Eastern \":-0.0005813248894782477,\"ethnicity_Others\":0.00018337308610229602,\"ethnicity_Pasifika\":-0.0007687797925976169,\"ethnicity_South Asian\":-0.0001332394383279121,\"ethnicity_Turkish\":0.0012278368619983368,\"ethnicity_Unknown\":0.008409750573904048,\"ethnicity_White-European\":-0.048440926090289854,\"ethnicity_others\":0,\"gender_Female\":-0.011682965200982207,\"gender_Male\":-0.010418729345918198,\"jaundice_no\":-0.004706302942519496,\"jaundice_yes\":-0.005334203832892618,\"relation_?\":0.00035787880698573394,\"relation_Health care professional\":-0.0039707619326509866,\"relation_Others\":5.6788924085282984e-5,\"relation_Parent\":-0.010023411331140854,\"relation_Relative\":-0.002632651285355735,\"relation_Self\":0.002378553220492001}'),
(22, 22, 6, 'Non-ASD', 'Total skor dari kuesioner adalah 6.', '{\"A10_Score\":-0.026763630141561027,\"A1_Score\":0.009720099031642962,\"A2_Score\":0.020292583098514953,\"A3_Score\":-0.07718613055626568,\"A4_Score\":0.05382844000559264,\"A5_Score\":0.01096356611911571,\"A6_Score\":-0.11495302239843024,\"A7_Score\":0.043753448947394226,\"A8_Score\":0.016247059592424264,\"A9_Score\":-0.08371438520269998,\"age\":-0.05186709860610259,\"austim_no\":-0.02312004807637736,\"austim_yes\":-0.009075093124049975,\"contry_of_res_Afghanistan\":0.000519935739419971,\"contry_of_res_AmericanSamoa\":5.464792270251427e-5,\"contry_of_res_Angola\":0,\"contry_of_res_Argentina\":0,\"contry_of_res_Armenia\":-0.00017036788871003052,\"contry_of_res_Aruba\":0.0002242139827619477,\"contry_of_res_Australia\":-0.006988449206385615,\"contry_of_res_Austria\":-0.0005336665539876477,\"contry_of_res_Azerbaijan\":-0.0005274282550400489,\"contry_of_res_Bahamas\":-0.00421397576509441,\"contry_of_res_Bangladesh\":0.00018016372265988942,\"contry_of_res_Belgium\":4.082268086601872e-6,\"contry_of_res_Bolivia\":-0.00014556470774660749,\"contry_of_res_Brazil\":0.00034158173576346234,\"contry_of_res_Burundi\":-0.0007666976181272846,\"contry_of_res_Canada\":-0.0030306696685265,\"contry_of_res_China\":0.0005878548175365853,\"contry_of_res_Cyprus\":-0.005016021284809949,\"contry_of_res_Czech Republic\":8.27340193966563e-5,\"contry_of_res_Egypt\":2.1112572556796046e-5,\"contry_of_res_Ethiopia\":2.4984270873233884e-5,\"contry_of_res_France\":-0.0017159969481214492,\"contry_of_res_Germany\":0.0002897425647447113,\"contry_of_res_Hong Kong\":2.8610869131170346e-5,\"contry_of_res_Iceland\":3.03686554906226e-5,\"contry_of_res_India\":0.0027002401554674918,\"contry_of_res_Indonesia\":-0.007260187030261156,\"contry_of_res_Iran\":-1.6199663534678485e-5,\"contry_of_res_Iraq\":0.0003818091759545095,\"contry_of_res_Ireland\":0.0001031925959954334,\"contry_of_res_Italy\":-0.00044609304137930965,\"contry_of_res_Japan\":1.07213262143512e-5,\"contry_of_res_Jordan\":-0.0007008754405427222,\"contry_of_res_Kazakhstan\":6.694538185046416e-5,\"contry_of_res_Malaysia\":-0.00022300745928711293,\"contry_of_res_Mexico\":0.00010593196488759667,\"contry_of_res_Netherlands\":0.0006740853749388195,\"contry_of_res_New Zealand\":0.0024858791186899657,\"contry_of_res_Nicaragua\":0.00020373013234793285,\"contry_of_res_Niger\":-9.97734813756839e-5,\"contry_of_res_Oman\":-0.0011092506002116714,\"contry_of_res_Pakistan\":-0.0004916491975302347,\"contry_of_res_Romania\":0,\"contry_of_res_Russia\":0.0001903124239849207,\"contry_of_res_Saudi Arabia\":-0.001094637171901023,\"contry_of_res_Serbia\":4.207257100662002e-7,\"contry_of_res_Sierra Leone\":0.0008689866981635951,\"contry_of_res_South Africa\":2.428401402880529e-6,\"contry_of_res_Spain\":0.00010150195062404936,\"contry_of_res_Sri Lanka\":0.0025198952685639045,\"contry_of_res_Sweden\":0.0002693570605141292,\"contry_of_res_Tonga\":0,\"contry_of_res_Ukraine\":-0.000113876321287545,\"contry_of_res_United Arab Emirates\":0.001000836152637565,\"contry_of_res_United Kingdom\":0.00028243761374686113,\"contry_of_res_United States\":-0.01797313176549171,\"contry_of_res_Viet Nam\":-0.0007923929371091119,\"ethnicity_Asian\":-0.0037134842544560907,\"ethnicity_Black\":0.0022311084175593975,\"ethnicity_Hispanic\":-0.004639815873826349,\"ethnicity_Latino\":-0.0005986762554434442,\"ethnicity_Middle Eastern \":0.00137484082928367,\"ethnicity_Others\":-0.00033791113979193837,\"ethnicity_Pasifika\":-0.009654742217099983,\"ethnicity_South Asian\":0.002992018984994337,\"ethnicity_Turkish\":0.0016494938680118366,\"ethnicity_Unknown\":0.004098867273159889,\"ethnicity_White-European\":-0.03521624789690014,\"ethnicity_others\":0,\"gender_Female\":-0.0023847377078886614,\"gender_Male\":-0.004261394280189084,\"jaundice_no\":0.0013812109121425311,\"jaundice_yes\":0.001140040204325478,\"relation_?\":0.00045914632775659515,\"relation_Health care professional\":-0.00031682453517871797,\"relation_Others\":0.00015362283357582446,\"relation_Parent\":-0.009459796981093374,\"relation_Relative\":-0.0031811632329113004,\"relation_Self\":-0.009743044842143481}'),
(23, 23, 5, 'Non-ASD', 'Total skor dari kuesioner adalah 5.', '{\"A10_Score\":0.0037112721487542106,\"A1_Score\":-0.007977949545118292,\"A2_Score\":0.017727891300007997,\"A3_Score\":-0.06277530578174262,\"A4_Score\":0.027358372837446947,\"A5_Score\":0.003976046758921891,\"A6_Score\":0.08329532520572552,\"A7_Score\":-0.05500598597554564,\"A8_Score\":-0.04990269924662955,\"A9_Score\":-0.13533548568523257,\"age\":-0.038079522819786715,\"austim_no\":-0.015563182610209059,\"austim_yes\":-0.010429090977216506,\"contry_of_res_Afghanistan\":0.0006652085966902401,\"contry_of_res_AmericanSamoa\":2.2192114946118477e-5,\"contry_of_res_Angola\":0,\"contry_of_res_Argentina\":0,\"contry_of_res_Armenia\":-0.0008914170236000766,\"contry_of_res_Aruba\":0.00023666351836278086,\"contry_of_res_Australia\":-0.005706378965614452,\"contry_of_res_Austria\":-0.001007121347568934,\"contry_of_res_Azerbaijan\":-0.0004666716161015899,\"contry_of_res_Bahamas\":-0.0009375041496693026,\"contry_of_res_Bangladesh\":0.00019875416256015665,\"contry_of_res_Belgium\":9.737046067111028e-6,\"contry_of_res_Bolivia\":-0.00038861855921909835,\"contry_of_res_Brazil\":0.000589427382459627,\"contry_of_res_Burundi\":-0.0012800052574831603,\"contry_of_res_Canada\":-0.0038041934657326096,\"contry_of_res_China\":0.0005491672637749817,\"contry_of_res_Cyprus\":-0.0009243409440930008,\"contry_of_res_Czech Republic\":0.0001301295191295766,\"contry_of_res_Egypt\":2.2634888493815742e-5,\"contry_of_res_Ethiopia\":0.000131873844153387,\"contry_of_res_France\":-0.0002995738806922207,\"contry_of_res_Germany\":0.00020581689711993725,\"contry_of_res_Hong Kong\":2.0305690565941693e-5,\"contry_of_res_Iceland\":1.1780291636512817e-5,\"contry_of_res_India\":0.0024965161740581393,\"contry_of_res_Indonesia\":-0.0004780437034226073,\"contry_of_res_Iran\":1.71576981199939e-5,\"contry_of_res_Iraq\":0.00026973823202314446,\"contry_of_res_Ireland\":-0.0005535755033380992,\"contry_of_res_Italy\":-0.00044963444242579107,\"contry_of_res_Japan\":5.2645472946686995e-6,\"contry_of_res_Jordan\":0.0001627799297237947,\"contry_of_res_Kazakhstan\":-0.0001358566961509929,\"contry_of_res_Malaysia\":-0.00023717701101817258,\"contry_of_res_Mexico\":7.441326031975147e-5,\"contry_of_res_Netherlands\":0.0008440222332808598,\"contry_of_res_New Zealand\":0.0028447424805607057,\"contry_of_res_Nicaragua\":0.00038470288773048315,\"contry_of_res_Niger\":-7.486437398311812e-5,\"contry_of_res_Oman\":-0.00248071088167543,\"contry_of_res_Pakistan\":-0.00011446926407607911,\"contry_of_res_Romania\":0,\"contry_of_res_Russia\":0.00014543875702739212,\"contry_of_res_Saudi Arabia\":-0.0007297263829303654,\"contry_of_res_Serbia\":6.032774569317898e-6,\"contry_of_res_Sierra Leone\":0.0001597249538353227,\"contry_of_res_South Africa\":1.3942160420112646e-6,\"contry_of_res_Spain\":-0.00022149019973902222,\"contry_of_res_Sri Lanka\":0.0008766080096763285,\"contry_of_res_Sweden\":0.0001636467575495901,\"contry_of_res_Tonga\":0,\"contry_of_res_Ukraine\":-7.955259902751768e-5,\"contry_of_res_United Arab Emirates\":0.0007241391666245987,\"contry_of_res_United Kingdom\":-0.0025199746056772357,\"contry_of_res_United States\":-0.015641580139556646,\"contry_of_res_Viet Nam\":-0.00024278886731908083,\"ethnicity_Asian\":-0.010999791057294594,\"ethnicity_Black\":0.001445462098792961,\"ethnicity_Hispanic\":-0.0011597018272782459,\"ethnicity_Latino\":-0.0003048546725424101,\"ethnicity_Middle Eastern \":-0.0020026160154204935,\"ethnicity_Others\":0.0004999723155489701,\"ethnicity_Pasifika\":-0.003881775471658695,\"ethnicity_South Asian\":0.0013180084751981728,\"ethnicity_Turkish\":0.0005384756931756945,\"ethnicity_Unknown\":0.005718705022493572,\"ethnicity_White-European\":-0.06374505685067819,\"ethnicity_others\":0,\"gender_Female\":0.0011843333730901357,\"gender_Male\":-0.006534283038028416,\"jaundice_no\":0.0018202587835603014,\"jaundice_yes\":-0.0006299285510731206,\"relation_?\":0.00021846838870919597,\"relation_Health care professional\":-0.00043004200420228175,\"relation_Others\":5.3852980870111674e-5,\"relation_Parent\":-0.003116605020311888,\"relation_Relative\":-0.002360485330119762,\"relation_Self\":9.030546615414206e-5}'),
(24, 24, 6, 'Non-ASD', 'Total skor dari kuesioner adalah 6.', '{\"A10_Score\":0.006481359534726763,\"A1_Score\":0.008776061679752256,\"A2_Score\":-0.052452658850102286,\"A3_Score\":0.036528713214133396,\"A4_Score\":0.03054244883549611,\"A5_Score\":-0.06972226057280735,\"A6_Score\":0.0879779536443747,\"A7_Score\":-0.056246443330402504,\"A8_Score\":0.030879605636746906,\"A9_Score\":-0.13742168779007946,\"age\":-0.038460721493792975,\"austim_no\":-0.014441562766918782,\"austim_yes\":-0.006744830329264677,\"contry_of_res_Afghanistan\":0.0007207362565601929,\"contry_of_res_AmericanSamoa\":2.2829370242237755e-5,\"contry_of_res_Angola\":0,\"contry_of_res_Argentina\":0,\"contry_of_res_Armenia\":-0.0008062829451467765,\"contry_of_res_Aruba\":5.350668812722854e-5,\"contry_of_res_Australia\":-0.0033635924234989745,\"contry_of_res_Austria\":-0.00030208498899373233,\"contry_of_res_Azerbaijan\":-0.0002711384384662213,\"contry_of_res_Bahamas\":-0.003214763551321335,\"contry_of_res_Bangladesh\":0.00022674227480934552,\"contry_of_res_Belgium\":1.7208629886836668e-5,\"contry_of_res_Bolivia\":-0.0008078978746703709,\"contry_of_res_Brazil\":0.0005560055454705806,\"contry_of_res_Burundi\":-0.0013680041856117854,\"contry_of_res_Canada\":-0.0025162404994572237,\"contry_of_res_China\":0.000428113251408876,\"contry_of_res_Cyprus\":-0.0009104632914379854,\"contry_of_res_Czech Republic\":3.0322504436868343e-5,\"contry_of_res_Egypt\":3.16505618326552e-5,\"contry_of_res_Ethiopia\":0.00017405891323404028,\"contry_of_res_France\":-0.0018945144272708438,\"contry_of_res_Germany\":0.0005060801625501454,\"contry_of_res_Hong Kong\":2.3785380665418177e-5,\"contry_of_res_Iceland\":1.7956069428206947e-5,\"contry_of_res_India\":0.005015715356696955,\"contry_of_res_Indonesia\":-0.001769296476068752,\"contry_of_res_Iran\":-0.000802314505105205,\"contry_of_res_Iraq\":0.00040477195687900204,\"contry_of_res_Ireland\":-0.00024110354455753313,\"contry_of_res_Italy\":0.0004461453624363477,\"contry_of_res_Japan\":7.372728900586994e-6,\"contry_of_res_Jordan\":0.0019017003741043303,\"contry_of_res_Kazakhstan\":0.00010925258819993077,\"contry_of_res_Malaysia\":-0.00048582197963458195,\"contry_of_res_Mexico\":0.00016007328817429362,\"contry_of_res_Netherlands\":0.0008363704134847229,\"contry_of_res_New Zealand\":0.003417420287857044,\"contry_of_res_Nicaragua\":0.0001848279763210053,\"contry_of_res_Niger\":-6.549302745383302e-5,\"contry_of_res_Oman\":-0.0009813420970221324,\"contry_of_res_Pakistan\":-0.00010358120744646495,\"contry_of_res_Romania\":0,\"contry_of_res_Russia\":0.00027547237204422976,\"contry_of_res_Saudi Arabia\":-0.0004476421916818939,\"contry_of_res_Serbia\":1.0673033251625319e-6,\"contry_of_res_Sierra Leone\":2.983404157461779e-5,\"contry_of_res_South Africa\":3.0038058943112884e-6,\"contry_of_res_Spain\":-0.0004971840789332703,\"contry_of_res_Sri Lanka\":0.0011787283162710829,\"contry_of_res_Sweden\":0.00013741326342789025,\"contry_of_res_Tonga\":0,\"contry_of_res_Ukraine\":-0.0004443883737472646,\"contry_of_res_United Arab Emirates\":0.0011959205077978405,\"contry_of_res_United Kingdom\":-0.010489590928911836,\"contry_of_res_United States\":-0.019860757213695946,\"contry_of_res_Viet Nam\":-0.00022001281504994855,\"ethnicity_Asian\":-0.008845332419995,\"ethnicity_Black\":0.0014829109353218651,\"ethnicity_Hispanic\":-0.0008931404812801034,\"ethnicity_Latino\":-0.0002902972295667533,\"ethnicity_Middle Eastern \":-0.001099826514647804,\"ethnicity_Others\":0.0008204719197509946,\"ethnicity_Pasifika\":-0.0011259759783446958,\"ethnicity_South Asian\":0.001338063272795435,\"ethnicity_Turkish\":0.0014188631573244638,\"ethnicity_Unknown\":0.0019796557614990226,\"ethnicity_White-European\":-0.06355486396614583,\"ethnicity_others\":0,\"gender_Female\":-0.007442191431180791,\"gender_Male\":-0.004053008110630199,\"jaundice_no\":0.0033371919120709892,\"jaundice_yes\":0.0042572940840257395,\"relation_?\":0.00031458125007957177,\"relation_Health care professional\":-0.0032623815740002956,\"relation_Others\":0.00011650117253455911,\"relation_Parent\":-0.009720091556944335,\"relation_Relative\":-0.0036787662531401672,\"relation_Self\":-0.002019078065554683}');
INSERT INTO `tb_result` (`id_result`, `id_input`, `total_score`, `hasil_prediksi`, `keterangan`, `feature_contributions`) VALUES
(25, 25, 5, 'Non-ASD', 'Total skor dari kuesioner adalah 5.', '{\"A10_Score\":-0.036431261796767124,\"A1_Score\":0.005456679070669541,\"A2_Score\":-0.04989902499121869,\"A3_Score\":0.032815943701699234,\"A4_Score\":-0.09191098367937432,\"A5_Score\":0.03086628644749398,\"A6_Score\":0.07915347340396556,\"A7_Score\":-0.03457085964338076,\"A8_Score\":-0.061836139065935755,\"A9_Score\":0.03612771916667737,\"age\":-0.04726860809777169,\"austim_no\":0.023368147068496662,\"austim_yes\":0.04206120974318606,\"contry_of_res_Afghanistan\":0.00040737569737702816,\"contry_of_res_AmericanSamoa\":2.9454148897985026e-5,\"contry_of_res_Angola\":0,\"contry_of_res_Argentina\":0,\"contry_of_res_Armenia\":-0.0006356894250819933,\"contry_of_res_Aruba\":2.323135082369454e-5,\"contry_of_res_Australia\":-0.0022571058958682413,\"contry_of_res_Austria\":-0.0002307956580191879,\"contry_of_res_Azerbaijan\":-0.002334815684911575,\"contry_of_res_Bahamas\":-0.0017551960601876727,\"contry_of_res_Bangladesh\":0.00041488408706420005,\"contry_of_res_Belgium\":5.797483291950714e-6,\"contry_of_res_Bolivia\":-0.0002010025054612371,\"contry_of_res_Brazil\":0.0004101705558788576,\"contry_of_res_Burundi\":-0.001085829512351753,\"contry_of_res_Canada\":-0.0028866685088545533,\"contry_of_res_China\":0.0006247547029295124,\"contry_of_res_Cyprus\":-0.0003810331986523619,\"contry_of_res_Czech Republic\":5.616256283389431e-5,\"contry_of_res_Egypt\":6.76506776673956e-5,\"contry_of_res_Ethiopia\":3.682585217235307e-5,\"contry_of_res_France\":-0.0005697650885724828,\"contry_of_res_Germany\":0.00023398535862830428,\"contry_of_res_Hong Kong\":6.94924470346082e-5,\"contry_of_res_Iceland\":7.662849956091386e-6,\"contry_of_res_India\":0.0033668725347189214,\"contry_of_res_Indonesia\":-0.0027395145621836596,\"contry_of_res_Iran\":3.4676246428690406e-5,\"contry_of_res_Iraq\":0.00040125985103777416,\"contry_of_res_Ireland\":-0.0001987874591860304,\"contry_of_res_Italy\":9.258749209090058e-5,\"contry_of_res_Japan\":4.5169111384537465e-6,\"contry_of_res_Jordan\":0.0014275587496432708,\"contry_of_res_Kazakhstan\":-0.000545578578060084,\"contry_of_res_Malaysia\":-0.00024606188580269286,\"contry_of_res_Mexico\":0.00012536325027911335,\"contry_of_res_Netherlands\":0.0010618333842847473,\"contry_of_res_New Zealand\":0.003529168397827387,\"contry_of_res_Nicaragua\":0.00022938430189014535,\"contry_of_res_Niger\":2.301785036228768e-5,\"contry_of_res_Oman\":-0.0011668006541611397,\"contry_of_res_Pakistan\":-8.03870576545993e-6,\"contry_of_res_Romania\":0,\"contry_of_res_Russia\":0.00031368904251870625,\"contry_of_res_Saudi Arabia\":-0.0005039171720553531,\"contry_of_res_Serbia\":6.644129486766315e-7,\"contry_of_res_Sierra Leone\":3.305600627226329e-6,\"contry_of_res_South Africa\":3.3629019812842934e-6,\"contry_of_res_Spain\":-0.0011352982278705034,\"contry_of_res_Sri Lanka\":0.0010768232797626685,\"contry_of_res_Sweden\":0.0001503990416272034,\"contry_of_res_Tonga\":0,\"contry_of_res_Ukraine\":-0.0007821867771204,\"contry_of_res_United Arab Emirates\":0.0007658982631933875,\"contry_of_res_United Kingdom\":-0.005579104078618887,\"contry_of_res_United States\":-0.02554455749989624,\"contry_of_res_Viet Nam\":-0.00034293116547999135,\"ethnicity_Asian\":-0.027355368483353865,\"ethnicity_Black\":-0.0009698925740852934,\"ethnicity_Hispanic\":-0.002382657911191148,\"ethnicity_Latino\":-0.0007314402846420522,\"ethnicity_Middle Eastern \":-0.0006885476722290541,\"ethnicity_Others\":0.00048725252141426287,\"ethnicity_Pasifika\":8.869524364978832e-5,\"ethnicity_South Asian\":-0.0005626501196522261,\"ethnicity_Turkish\":0.0004716946404766989,\"ethnicity_Unknown\":0.006005170921182191,\"ethnicity_White-European\":-0.0757892385745554,\"ethnicity_others\":0,\"gender_Female\":-0.010508780281737897,\"gender_Male\":-0.009953495266644914,\"jaundice_no\":-0.000949075814205996,\"jaundice_yes\":-0.004320574027247519,\"relation_?\":0.00016518354328391903,\"relation_Health care professional\":-0.001220711656699464,\"relation_Others\":7.588019237324526e-5,\"relation_Parent\":-0.0019797476348789164,\"relation_Relative\":-0.0020720733998814723,\"relation_Self\":0.0014177761112548512}'),
(26, 26, 6, 'Non-ASD', 'Total skor dari kuesioner adalah 6.', '{\"A10_Score\":-0.047626709109996744,\"A1_Score\":-0.025834925919387356,\"A2_Score\":-0.05371684254990376,\"A3_Score\":0.0314380070558445,\"A4_Score\":0.03141089233743731,\"A5_Score\":0.023518610811875514,\"A6_Score\":0.08274051429671825,\"A7_Score\":0.04112066859279732,\"A8_Score\":-0.08297048092971213,\"A9_Score\":0.028846533463037848,\"age\":-0.04688730698442772,\"austim_no\":-0.01612068032850522,\"austim_yes\":-0.010443244139132873,\"contry_of_res_Afghanistan\":0.0010934713776941636,\"contry_of_res_AmericanSamoa\":2.879517339406234e-5,\"contry_of_res_Angola\":0,\"contry_of_res_Argentina\":0,\"contry_of_res_Armenia\":-0.0004780150086608724,\"contry_of_res_Aruba\":0.00014014627841221693,\"contry_of_res_Australia\":-0.0017617499849788883,\"contry_of_res_Austria\":-0.0002435628771323273,\"contry_of_res_Azerbaijan\":-0.000649132999942393,\"contry_of_res_Bahamas\":-0.006042080592880145,\"contry_of_res_Bangladesh\":0.0004962602743116239,\"contry_of_res_Belgium\":8.108777350369029e-6,\"contry_of_res_Bolivia\":-4.223721276279366e-5,\"contry_of_res_Brazil\":0.0004483301766799749,\"contry_of_res_Burundi\":-0.000862827552614717,\"contry_of_res_Canada\":-0.00039082880494495614,\"contry_of_res_China\":0.0009191978257059577,\"contry_of_res_Cyprus\":-0.0006585913824355954,\"contry_of_res_Czech Republic\":6.776351800495787e-5,\"contry_of_res_Egypt\":5.192327560791357e-5,\"contry_of_res_Ethiopia\":3.256468468071048e-5,\"contry_of_res_France\":-0.0009489747889499546,\"contry_of_res_Germany\":0.0004914412797427988,\"contry_of_res_Hong Kong\":2.578736845242019e-5,\"contry_of_res_Iceland\":7.199588109909898e-6,\"contry_of_res_India\":0.0037216039762343893,\"contry_of_res_Indonesia\":-0.004524376071337184,\"contry_of_res_Iran\":-2.549721798171967e-5,\"contry_of_res_Iraq\":0.00044096818613840566,\"contry_of_res_Ireland\":-0.001703039009766952,\"contry_of_res_Italy\":-0.00030675557953761774,\"contry_of_res_Japan\":2.798287056816923e-6,\"contry_of_res_Jordan\":0.0002497476905539879,\"contry_of_res_Kazakhstan\":-0.00021389200973942138,\"contry_of_res_Malaysia\":-0.00025601965074837225,\"contry_of_res_Mexico\":0.0004002761896174582,\"contry_of_res_Netherlands\":0.0015898379335182458,\"contry_of_res_New Zealand\":0.003566919112245736,\"contry_of_res_Nicaragua\":0.00029010338989095925,\"contry_of_res_Niger\":-6.029722726472037e-5,\"contry_of_res_Oman\":-0.001341076663941011,\"contry_of_res_Pakistan\":-0.00012816752730137663,\"contry_of_res_Romania\":0,\"contry_of_res_Russia\":0.00016586878688264184,\"contry_of_res_Saudi Arabia\":-0.0003956500015555811,\"contry_of_res_Serbia\":3.771622380015198e-7,\"contry_of_res_Sierra Leone\":1.5285708887433773e-5,\"contry_of_res_South Africa\":1.3955305250858708e-6,\"contry_of_res_Spain\":2.796202231712964e-5,\"contry_of_res_Sri Lanka\":0.0023321281788607397,\"contry_of_res_Sweden\":0.00018313295695886634,\"contry_of_res_Tonga\":0,\"contry_of_res_Ukraine\":-0.0001330289593227264,\"contry_of_res_United Arab Emirates\":0.0007299905506122712,\"contry_of_res_United Kingdom\":-0.008210296148083145,\"contry_of_res_United States\":-0.020553088232553893,\"contry_of_res_Viet Nam\":-0.0002797312844688776,\"ethnicity_Asian\":-0.021516602445709868,\"ethnicity_Black\":0.0014054714246992243,\"ethnicity_Hispanic\":-0.0050760142164069785,\"ethnicity_Latino\":-0.00025515627899284313,\"ethnicity_Middle Eastern \":0.0012230288009646589,\"ethnicity_Others\":0.0017011465989908434,\"ethnicity_Pasifika\":-0.0018088573689643967,\"ethnicity_South Asian\":0.0005641691160615752,\"ethnicity_Turkish\":0.001629172149348607,\"ethnicity_Unknown\":0.0019354470713815245,\"ethnicity_White-European\":-0.11163358105801008,\"ethnicity_others\":0,\"gender_Female\":0.0007061116192315118,\"gender_Male\":0.002771388999982026,\"jaundice_no\":-0.007779435316545513,\"jaundice_yes\":-0.003537852324571929,\"relation_?\":0.00021553556159151533,\"relation_Health care professional\":-0.0006342943561263129,\"relation_Others\":6.860946153499384e-5,\"relation_Parent\":-0.007684212741774731,\"relation_Relative\":-0.002455886002907167,\"relation_Self\":-0.0016065619788724315}'),
(27, 27, 4, 'Non-ASD', 'Total skor dari kuesioner adalah 4.', '{\"A10_Score\":-0.03984872716070802,\"A1_Score\":-0.005818218952874559,\"A2_Score\":-0.03460597547114745,\"A3_Score\":0.030757204366825785,\"A4_Score\":-0.07554448136980121,\"A5_Score\":0.02195920346105883,\"A6_Score\":0.07862928181645214,\"A7_Score\":0.0463853877082258,\"A8_Score\":-0.050233920445298647,\"A9_Score\":-0.10275952640027712,\"age\":-0.026994066455623283,\"austim_no\":-0.012465581756295903,\"austim_yes\":-0.010449449140423693,\"contry_of_res_Afghanistan\":0.0008841618783894064,\"contry_of_res_AmericanSamoa\":2.1271403986316944e-5,\"contry_of_res_Angola\":0,\"contry_of_res_Argentina\":0,\"contry_of_res_Armenia\":-0.0003600186271721047,\"contry_of_res_Aruba\":0.00010286901134270841,\"contry_of_res_Australia\":-0.0009402128670889589,\"contry_of_res_Austria\":-8.744979132663567e-5,\"contry_of_res_Azerbaijan\":-0.001212433565853167,\"contry_of_res_Bahamas\":-0.008331269945463307,\"contry_of_res_Bangladesh\":0.0002622435022270122,\"contry_of_res_Belgium\":8.108777350369029e-6,\"contry_of_res_Bolivia\":5.5298439931532675e-5,\"contry_of_res_Brazil\":0.0005293130218491461,\"contry_of_res_Burundi\":-0.0012408521788207544,\"contry_of_res_Canada\":-0.0011023927128147482,\"contry_of_res_China\":0.0006153725009217795,\"contry_of_res_Cyprus\":-0.0004800238070095896,\"contry_of_res_Czech Republic\":4.299293277301889e-5,\"contry_of_res_Egypt\":4.8597348816413554e-5,\"contry_of_res_Ethiopia\":3.6416244081243754e-5,\"contry_of_res_France\":-0.0011907253150566749,\"contry_of_res_Germany\":0.0002637303064159513,\"contry_of_res_Hong Kong\":2.449860811168291e-5,\"contry_of_res_Iceland\":1.1607991128351899e-5,\"contry_of_res_India\":0.0037226045062221957,\"contry_of_res_Indonesia\":0.00022603866762562375,\"contry_of_res_Iran\":2.0293515720160892e-5,\"contry_of_res_Iraq\":0.0002808516586445731,\"contry_of_res_Ireland\":-0.0005282104800246947,\"contry_of_res_Italy\":-0.00016641463214138642,\"contry_of_res_Japan\":3.419421310664334e-6,\"contry_of_res_Jordan\":0.0009132739240603814,\"contry_of_res_Kazakhstan\":-6.554022801596478e-5,\"contry_of_res_Malaysia\":-0.00015846449542471913,\"contry_of_res_Mexico\":0.00017270651484005515,\"contry_of_res_Netherlands\":0.0010313292597469348,\"contry_of_res_New Zealand\":0.002323654328682929,\"contry_of_res_Nicaragua\":0.00022679687207361092,\"contry_of_res_Niger\":3.996889213925317e-6,\"contry_of_res_Oman\":-0.000886381085766967,\"contry_of_res_Pakistan\":9.06769067059524e-5,\"contry_of_res_Romania\":0,\"contry_of_res_Russia\":0.00013199482993415216,\"contry_of_res_Saudi Arabia\":-0.00028317385648471725,\"contry_of_res_Serbia\":4.0708984839065393e-7,\"contry_of_res_Sierra Leone\":8.433243269109947e-6,\"contry_of_res_South Africa\":2.672872870215627e-6,\"contry_of_res_Spain\":-0.00042958957635466335,\"contry_of_res_Sri Lanka\":0.0017895336411891012,\"contry_of_res_Sweden\":0.00011376272796074621,\"contry_of_res_Tonga\":0,\"contry_of_res_Ukraine\":-9.961279399355833e-5,\"contry_of_res_United Arab Emirates\":0.0005805430693933563,\"contry_of_res_United Kingdom\":-0.007100966292669357,\"contry_of_res_United States\":-0.025382782262994875,\"contry_of_res_Viet Nam\":-0.00035048412542665054,\"ethnicity_Asian\":-0.02174395885387974,\"ethnicity_Black\":-7.71430509848188e-6,\"ethnicity_Hispanic\":-0.002452669418837998,\"ethnicity_Latino\":-8.810945275457319e-5,\"ethnicity_Middle Eastern \":-5.2858882758687764e-5,\"ethnicity_Others\":0.0010272186733456348,\"ethnicity_Pasifika\":-0.0018240543827569985,\"ethnicity_South Asian\":-0.0011141710429894683,\"ethnicity_Turkish\":0.0012993499491622217,\"ethnicity_Unknown\":0.004473493785076397,\"ethnicity_White-European\":-0.07282755987227668,\"ethnicity_others\":0,\"gender_Female\":0.003078767046287317,\"gender_Male\":-9.184047642014068e-6,\"jaundice_no\":-0.008220020894649283,\"jaundice_yes\":-0.005732616132609409,\"relation_?\":0.00037983084943798485,\"relation_Health care professional\":-0.0024142291437130813,\"relation_Others\":5.6572566668148786e-5,\"relation_Parent\":-0.0061686260015676245,\"relation_Relative\":-0.00193516428160703,\"relation_Self\":0.002139232159305102}'),
(28, 28, 5, 'Non-ASD', 'Total skor dari kuesioner adalah 5.', '{\"A10_Score\":-0.06899312331476849,\"A1_Score\":-0.026037869591414364,\"A2_Score\":0.01905238442598402,\"A3_Score\":0.03254328594926644,\"A4_Score\":-0.08159181258458371,\"A5_Score\":0.028508967291114743,\"A6_Score\":0.09297849766963628,\"A7_Score\":-0.03594623548226513,\"A8_Score\":-0.0696976735067319,\"A9_Score\":0.0438103846544056,\"age\":-0.03137815185913205,\"austim_no\":-0.012163585154318061,\"austim_yes\":-0.008341226486873096,\"contry_of_res_Afghanistan\":0.000624576997490839,\"contry_of_res_AmericanSamoa\":3.147980078483216e-5,\"contry_of_res_Angola\":0,\"contry_of_res_Argentina\":0,\"contry_of_res_Armenia\":-0.0008104151362265712,\"contry_of_res_Aruba\":3.0444679524236402e-5,\"contry_of_res_Australia\":-0.002873108688865765,\"contry_of_res_Austria\":-0.00048399370947652294,\"contry_of_res_Azerbaijan\":-0.0031163999455705253,\"contry_of_res_Bahamas\":-0.001117472366326516,\"contry_of_res_Bangladesh\":0.0003289136918627312,\"contry_of_res_Belgium\":3.974015818652316e-6,\"contry_of_res_Bolivia\":-0.00040084683668277894,\"contry_of_res_Brazil\":0.0006480638804093874,\"contry_of_res_Burundi\":-0.001781776246053599,\"contry_of_res_Canada\":-0.0016204367820717553,\"contry_of_res_China\":0.0005356643051516143,\"contry_of_res_Cyprus\":-0.0005846487091495402,\"contry_of_res_Czech Republic\":0.00011997544906618334,\"contry_of_res_Egypt\":5.2441816506830824e-5,\"contry_of_res_Ethiopia\":5.8306329036971545e-5,\"contry_of_res_France\":-0.0007078051112614006,\"contry_of_res_Germany\":0.0002959590913347305,\"contry_of_res_Hong Kong\":2.5474660272021083e-5,\"contry_of_res_Iceland\":6.537905801744078e-6,\"contry_of_res_India\":0.0046720862184069884,\"contry_of_res_Indonesia\":0.0035724274203779187,\"contry_of_res_Iran\":3.1688265391559645e-6,\"contry_of_res_Iraq\":0.00031501336445016894,\"contry_of_res_Ireland\":-0.00010309016437936699,\"contry_of_res_Italy\":0.00034712171361190366,\"contry_of_res_Japan\":4.751205016018852e-6,\"contry_of_res_Jordan\":0.0012561939944352638,\"contry_of_res_Kazakhstan\":0.00016914948099225756,\"contry_of_res_Malaysia\":-0.0004446887981553166,\"contry_of_res_Mexico\":8.68059233078888e-5,\"contry_of_res_Netherlands\":0.0016742499866418679,\"contry_of_res_New Zealand\":0.004019066577035607,\"contry_of_res_Nicaragua\":0.00016167719053042037,\"contry_of_res_Niger\":-8.951667185533038e-5,\"contry_of_res_Oman\":-0.0009239801309997957,\"contry_of_res_Pakistan\":-4.969795778672581e-5,\"contry_of_res_Romania\":0,\"contry_of_res_Russia\":0.00023291363409277553,\"contry_of_res_Saudi Arabia\":-0.00019256431783698432,\"contry_of_res_Serbia\":1.24450069795462e-6,\"contry_of_res_Sierra Leone\":6.537304165225896e-6,\"contry_of_res_South Africa\":3.3369832517608354e-6,\"contry_of_res_Spain\":-0.0009535116094787431,\"contry_of_res_Sri Lanka\":0.0008135852829647612,\"contry_of_res_Sweden\":0.00015365245145660292,\"contry_of_res_Tonga\":0,\"contry_of_res_Ukraine\":-0.00020599351936099458,\"contry_of_res_United Arab Emirates\":0.00071432239894758,\"contry_of_res_United Kingdom\":-0.004275403499297898,\"contry_of_res_United States\":-0.022000650608565615,\"contry_of_res_Viet Nam\":-0.00022841818743233884,\"ethnicity_Asian\":-0.008646299907551712,\"ethnicity_Black\":-0.0003735626789170761,\"ethnicity_Hispanic\":-0.007421364392260998,\"ethnicity_Latino\":-0.0007443578990256614,\"ethnicity_Middle Eastern \":0.0001903552961930147,\"ethnicity_Others\":0.00022529409745223654,\"ethnicity_Pasifika\":0.00028807503509277954,\"ethnicity_South Asian\":0.00016299487157228612,\"ethnicity_Turkish\":0.000567629913250005,\"ethnicity_Unknown\":0.008719320333922803,\"ethnicity_White-European\":-0.06762607922044127,\"ethnicity_others\":0,\"gender_Female\":-0.01173566147403624,\"gender_Male\":-0.009119185078530387,\"jaundice_no\":-0.004175142661299617,\"jaundice_yes\":-0.0030244026393990583,\"relation_?\":0.00015402311812381987,\"relation_Health care professional\":-0.002549611340036726,\"relation_Others\":4.683059308273109e-5,\"relation_Parent\":-0.007402172169896062,\"relation_Relative\":-0.0022938468675943106,\"relation_Self\":0.003607183331244489}'),
(29, 29, 5, 'Non-ASD', 'Total skor dari kuesioner adalah 5.', '{\"A10_Score\":0.0006262600696680228,\"A1_Score\":-0.03589421721049299,\"A2_Score\":0.018114111868402998,\"A3_Score\":-0.07666447524679007,\"A4_Score\":0.03537299102925889,\"A5_Score\":0.01645368752337253,\"A6_Score\":0.07900763632646056,\"A7_Score\":-0.05077701961203011,\"A8_Score\":-0.05328583689367435,\"A9_Score\":-0.12889791812707088,\"age\":-0.039398055494859294,\"austim_no\":-0.017252027263896838,\"austim_yes\":-0.010243598109265098,\"contry_of_res_Afghanistan\":0.000756470383056373,\"contry_of_res_AmericanSamoa\":2.0529647083425257e-5,\"contry_of_res_Angola\":0,\"contry_of_res_Argentina\":0,\"contry_of_res_Armenia\":-0.0006051334981392167,\"contry_of_res_Aruba\":5.701736167436347e-5,\"contry_of_res_Australia\":-0.005226680909856306,\"contry_of_res_Austria\":-0.0007591166276334046,\"contry_of_res_Azerbaijan\":-0.0005098449518666944,\"contry_of_res_Bahamas\":-0.0011246920987879818,\"contry_of_res_Bangladesh\":0.0002332222772231599,\"contry_of_res_Belgium\":5.136559743135298e-6,\"contry_of_res_Bolivia\":-0.0004453322615959015,\"contry_of_res_Brazil\":0.0003562411528801625,\"contry_of_res_Burundi\":-0.0013184061266178493,\"contry_of_res_Canada\":-0.0022253004732026493,\"contry_of_res_China\":0.0005817201999605764,\"contry_of_res_Cyprus\":-0.0010843240039918323,\"contry_of_res_Czech Republic\":7.804212708847995e-5,\"contry_of_res_Egypt\":2.2546346235500828e-5,\"contry_of_res_Ethiopia\":0.0001769281640529359,\"contry_of_res_France\":-0.0003955900119849834,\"contry_of_res_Germany\":0.0002692342351651807,\"contry_of_res_Hong Kong\":2.1624810742560968e-5,\"contry_of_res_Iceland\":1.1780291636512817e-5,\"contry_of_res_India\":0.002281038545005815,\"contry_of_res_Indonesia\":0.0017147322785541431,\"contry_of_res_Iran\":-4.555980412796463e-5,\"contry_of_res_Iraq\":0.0002954727218756562,\"contry_of_res_Ireland\":-0.0007399398730351961,\"contry_of_res_Italy\":-0.00015037225865709186,\"contry_of_res_Japan\":7.320935305117179e-6,\"contry_of_res_Jordan\":0.00044429032678583463,\"contry_of_res_Kazakhstan\":-0.0003207050208910955,\"contry_of_res_Malaysia\":-0.0002969826913591588,\"contry_of_res_Mexico\":7.88840472292144e-5,\"contry_of_res_Netherlands\":0.0010235248455303671,\"contry_of_res_New Zealand\":0.0027406619765618367,\"contry_of_res_Nicaragua\":0.00024279165573666233,\"contry_of_res_Niger\":-3.7385705674274415e-5,\"contry_of_res_Oman\":-0.0013067359935924417,\"contry_of_res_Pakistan\":-9.313570907835117e-5,\"contry_of_res_Romania\":0,\"contry_of_res_Russia\":0.0001901043825023985,\"contry_of_res_Saudi Arabia\":-0.0008869264281638923,\"contry_of_res_Serbia\":1.3243454278303916e-6,\"contry_of_res_Sierra Leone\":0.0001597249538353227,\"contry_of_res_South Africa\":1.48300422779414e-6,\"contry_of_res_Spain\":-1.0104147318211006e-5,\"contry_of_res_Sri Lanka\":0.001089768349213969,\"contry_of_res_Sweden\":0.0001507262720748634,\"contry_of_res_Tonga\":0,\"contry_of_res_Ukraine\":-0.00010779261954743666,\"contry_of_res_United Arab Emirates\":0.0006836062385890482,\"contry_of_res_United Kingdom\":-0.005399998180179159,\"contry_of_res_United States\":-0.016090770806316466,\"contry_of_res_Viet Nam\":-0.00018183226900305853,\"ethnicity_Asian\":-0.008686148442719258,\"ethnicity_Black\":0.0013524083148711986,\"ethnicity_Hispanic\":-0.0013339254079234853,\"ethnicity_Latino\":-0.0002920707224356352,\"ethnicity_Middle Eastern \":0.0011360919473665642,\"ethnicity_Others\":0.0005969480612467529,\"ethnicity_Pasifika\":-0.005105433412738932,\"ethnicity_South Asian\":0.0012122256842012962,\"ethnicity_Turkish\":0.0006465487654549541,\"ethnicity_Unknown\":0.0042752859529029226,\"ethnicity_White-European\":-0.07294252452572196,\"ethnicity_others\":0,\"gender_Female\":-0.0001344492770347563,\"gender_Male\":-0.002032477263926892,\"jaundice_no\":-0.006037533645558715,\"jaundice_yes\":-0.00468272249146407,\"relation_?\":0.0002274749025549581,\"relation_Health care professional\":-0.0007711852245568325,\"relation_Others\":5.669247602871956e-5,\"relation_Parent\":-0.005623652805623895,\"relation_Relative\":-0.0024347277746708147,\"relation_Self\":0.00010548184879866443}'),
(30, 30, 6, 'Non-ASD', 'Total skor dari kuesioner adalah 6.', '{\"A10_Score\":0.014310003116337237,\"A1_Score\":0.006971651724186214,\"A2_Score\":0.019462451332523507,\"A3_Score\":-0.07737389184990144,\"A4_Score\":-0.0795638694833603,\"A5_Score\":-0.044408047773734985,\"A6_Score\":0.13575471620988838,\"A7_Score\":-0.05496382879619735,\"A8_Score\":0.037711922757243964,\"A9_Score\":0.04904955703262822,\"age\":-0.038711092696355615,\"austim_no\":0.0006350300623868843,\"austim_yes\":-0.001152595439209129,\"contry_of_res_Afghanistan\":0.0006497752540912617,\"contry_of_res_AmericanSamoa\":3.275368329293681e-5,\"contry_of_res_Angola\":0,\"contry_of_res_Argentina\":0,\"contry_of_res_Armenia\":-0.000391281390783171,\"contry_of_res_Aruba\":8.535875423985557e-5,\"contry_of_res_Australia\":-0.001582844476291484,\"contry_of_res_Austria\":-0.0008322939106739416,\"contry_of_res_Azerbaijan\":-0.0029367020990064825,\"contry_of_res_Bahamas\":-0.0004085137135047056,\"contry_of_res_Bangladesh\":0.00020568112887232363,\"contry_of_res_Belgium\":7.387803648314667e-6,\"contry_of_res_Bolivia\":-0.0009105566478531394,\"contry_of_res_Brazil\":0.0008965864148969943,\"contry_of_res_Burundi\":-0.00266286588375133,\"contry_of_res_Canada\":-0.0038729606896134605,\"contry_of_res_China\":0.0003586698795953408,\"contry_of_res_Cyprus\":-0.0015476461000793924,\"contry_of_res_Czech Republic\":3.730249850792695e-5,\"contry_of_res_Egypt\":5.05076855549978e-5,\"contry_of_res_Ethiopia\":0.00015127359454218618,\"contry_of_res_France\":-0.002231028046181713,\"contry_of_res_Germany\":0.0004288712580793912,\"contry_of_res_Hong Kong\":2.1643977889994918e-5,\"contry_of_res_Iceland\":4.6579783015016835e-5,\"contry_of_res_India\":0.006690448554683855,\"contry_of_res_Indonesia\":0.003841859250895578,\"contry_of_res_Iran\":-0.00038394951217189774,\"contry_of_res_Iraq\":0.00033727858291233786,\"contry_of_res_Ireland\":-2.2872455417757197e-5,\"contry_of_res_Italy\":0.0007963142205825463,\"contry_of_res_Japan\":1.0627351673642893e-5,\"contry_of_res_Jordan\":0.0016186310620275822,\"contry_of_res_Kazakhstan\":0.0006505408352858412,\"contry_of_res_Malaysia\":-0.00043015847873070307,\"contry_of_res_Mexico\":8.324570111304019e-5,\"contry_of_res_Netherlands\":0.0011227438857024927,\"contry_of_res_New Zealand\":0.004554037824300769,\"contry_of_res_Nicaragua\":0.00013709698642018554,\"contry_of_res_Niger\":1.8714253863982276e-5,\"contry_of_res_Oman\":-0.0007016321585408221,\"contry_of_res_Pakistan\":4.371197339270262e-5,\"contry_of_res_Romania\":0,\"contry_of_res_Russia\":0.00020059834316323304,\"contry_of_res_Saudi Arabia\":-0.000869065826572391,\"contry_of_res_Serbia\":3.1199425788232847e-6,\"contry_of_res_Sierra Leone\":4.83533242879888e-6,\"contry_of_res_South Africa\":2.2769475969331445e-6,\"contry_of_res_Spain\":-0.00031442497045615413,\"contry_of_res_Sri Lanka\":0.0009360674342842781,\"contry_of_res_Sweden\":0.0007787222533895065,\"contry_of_res_Tonga\":0,\"contry_of_res_Ukraine\":-0.0004844902830526784,\"contry_of_res_United Arab Emirates\":0.0016473101819926542,\"contry_of_res_United Kingdom\":-0.004567223437609689,\"contry_of_res_United States\":-0.013717659373928971,\"contry_of_res_Viet Nam\":-0.00020116123538945044,\"ethnicity_Asian\":0.003000320735429008,\"ethnicity_Black\":0.00014664507075376837,\"ethnicity_Hispanic\":-0.0012611918471995467,\"ethnicity_Latino\":-0.00019325129542828247,\"ethnicity_Middle Eastern \":0.0029539283541899627,\"ethnicity_Others\":-0.0005909858834438753,\"ethnicity_Pasifika\":0.0012398013788240316,\"ethnicity_South Asian\":0.0014268214599220102,\"ethnicity_Turkish\":0.0006042154948855342,\"ethnicity_Unknown\":0.010952778011085507,\"ethnicity_White-European\":-0.04629249122370986,\"ethnicity_others\":0,\"gender_Female\":-0.0045191712546355295,\"gender_Male\":0.0002900267011253346,\"jaundice_no\":0.0007461693729781465,\"jaundice_yes\":-0.0026651473450466793,\"relation_?\":0.00014491208105575707,\"relation_Health care professional\":-0.003172476118551957,\"relation_Others\":5.1486233572055185e-5,\"relation_Parent\":-0.016266071975688273,\"relation_Relative\":-0.002978944421029639,\"relation_Self\":-0.007693489887529246}'),
(31, 31, 7, 'Non-ASD', 'Total skor dari kuesioner adalah 7.', '{\"A10_Score\":0.008909601315784745,\"A1_Score\":-0.007959028431387521,\"A2_Score\":-0.04942047074437934,\"A3_Score\":0.022133066093615966,\"A4_Score\":0.022098551553053247,\"A5_Score\":0.016421854270421993,\"A6_Score\":0.10490078287689159,\"A7_Score\":-0.08874411058062007,\"A8_Score\":0.027941945709079968,\"A9_Score\":0.04258035633907128,\"age\":-0.05060338136249518,\"austim_no\":-0.011554995914234142,\"austim_yes\":-0.006768008645009833,\"contry_of_res_Afghanistan\":0.00015178990455661035,\"contry_of_res_AmericanSamoa\":2.6540455699860283e-5,\"contry_of_res_Angola\":0,\"contry_of_res_Argentina\":0,\"contry_of_res_Armenia\":-0.0014816577984375942,\"contry_of_res_Aruba\":0.00028118827539786855,\"contry_of_res_Australia\":-0.0018599152680213353,\"contry_of_res_Austria\":-0.0009129833579703868,\"contry_of_res_Azerbaijan\":0.0001531617623266234,\"contry_of_res_Bahamas\":-0.0018182530181176174,\"contry_of_res_Bangladesh\":0.000240080069517278,\"contry_of_res_Belgium\":4.561467268295904e-5,\"contry_of_res_Bolivia\":-0.0007393669431378036,\"contry_of_res_Brazil\":0.0012956912822679203,\"contry_of_res_Burundi\":-0.001316066302617318,\"contry_of_res_Canada\":-0.0005862005539493032,\"contry_of_res_China\":0.0006214243795525089,\"contry_of_res_Cyprus\":-0.0005873522027025018,\"contry_of_res_Czech Republic\":7.7976712350814e-5,\"contry_of_res_Egypt\":3.797007995654971e-5,\"contry_of_res_Ethiopia\":0.00014065826473752533,\"contry_of_res_France\":-0.0009508073244478823,\"contry_of_res_Germany\":0.00040081897459219487,\"contry_of_res_Hong Kong\":2.5148762697033395e-5,\"contry_of_res_Iceland\":1.0577370717762381e-5,\"contry_of_res_India\":0.003954139803298747,\"contry_of_res_Indonesia\":-0.0032958829985434536,\"contry_of_res_Iran\":8.168553557403534e-5,\"contry_of_res_Iraq\":0.00035055248945168905,\"contry_of_res_Ireland\":-6.83127356289498e-5,\"contry_of_res_Italy\":-1.6064484464878212e-5,\"contry_of_res_Japan\":3.370266874883184e-6,\"contry_of_res_Jordan\":0.0008381621012839268,\"contry_of_res_Kazakhstan\":0.0005184651974999553,\"contry_of_res_Malaysia\":-4.278609834219573e-5,\"contry_of_res_Mexico\":0.00013925931713948156,\"contry_of_res_Netherlands\":0.000746974492917822,\"contry_of_res_New Zealand\":0.0049062968713812095,\"contry_of_res_Nicaragua\":0.0004738597446855471,\"contry_of_res_Niger\":-0.00010222784108173297,\"contry_of_res_Oman\":-0.0025781903336887426,\"contry_of_res_Pakistan\":-0.00018683916724275575,\"contry_of_res_Romania\":0,\"contry_of_res_Russia\":0.00020746582185713068,\"contry_of_res_Saudi Arabia\":-0.00038344163953017626,\"contry_of_res_Serbia\":1.777503658601002e-6,\"contry_of_res_Sierra Leone\":2.9722244525440018e-5,\"contry_of_res_South Africa\":1.5647256684201228e-6,\"contry_of_res_Spain\":-0.0012518458576335268,\"contry_of_res_Sri Lanka\":0.0010627316629149535,\"contry_of_res_Sweden\":0.00017709565595698315,\"contry_of_res_Tonga\":0,\"contry_of_res_Ukraine\":-0.00011156243443573191,\"contry_of_res_United Arab Emirates\":0.0008217981933372775,\"contry_of_res_United Kingdom\":-0.010749697237804624,\"contry_of_res_United States\":-0.012106538128193022,\"contry_of_res_Viet Nam\":-0.0003212365438462173,\"ethnicity_Asian\":-0.026281365736828814,\"ethnicity_Black\":0.0015271940551865627,\"ethnicity_Hispanic\":-0.0017005347574274728,\"ethnicity_Latino\":-0.0006775608996269046,\"ethnicity_Middle Eastern \":0.0005275674758255865,\"ethnicity_Others\":0.0019165676566954342,\"ethnicity_Pasifika\":-0.004482130035524037,\"ethnicity_South Asian\":0.0009192245848723659,\"ethnicity_Turkish\":0.0014140207697183277,\"ethnicity_Unknown\":0.00013342202439199682,\"ethnicity_White-European\":-0.09438559559765924,\"ethnicity_others\":0,\"gender_Female\":-0.0013306727760060233,\"gender_Male\":-0.0031725166554604223,\"jaundice_no\":-0.009647456887699734,\"jaundice_yes\":-0.008657029070574872,\"relation_?\":0.00018029004059187925,\"relation_Health care professional\":-0.0009814415118446177,\"relation_Others\":0.00010353097565981248,\"relation_Parent\":-0.0007086061506629946,\"relation_Relative\":-0.002568487425591564,\"relation_Self\":0.0026062149001870984}'),
(32, 32, 6, 'Non-ASD', 'Total skor dari kuesioner adalah 6.', '{\"A10_Score\":0.001596420545056483,\"A1_Score\":0.0010534143896171243,\"A2_Score\":0.011360715116552398,\"A3_Score\":0.03318966870175888,\"A4_Score\":-0.07466243930432606,\"A5_Score\":-0.04195396579838953,\"A6_Score\":-0.10894066425795408,\"A7_Score\":0.030474291869981157,\"A8_Score\":0.019948862058969504,\"A9_Score\":-0.09318274126377453,\"age\":-0.039192033607433265,\"austim_no\":-0.008038834383972912,\"austim_yes\":-0.007158640432313888,\"contry_of_res_Afghanistan\":1.4112165036645879e-5,\"contry_of_res_AmericanSamoa\":8.782681277145247e-5,\"contry_of_res_Angola\":0,\"contry_of_res_Argentina\":0,\"contry_of_res_Armenia\":-0.0001764159074192935,\"contry_of_res_Aruba\":0.00014000135312778074,\"contry_of_res_Australia\":-0.002563084837367008,\"contry_of_res_Austria\":2.588279873341935e-5,\"contry_of_res_Azerbaijan\":-0.0011498437684971678,\"contry_of_res_Bahamas\":-0.0012951755793616918,\"contry_of_res_Bangladesh\":0.0001369149600826077,\"contry_of_res_Belgium\":1.1617935995494226e-5,\"contry_of_res_Bolivia\":-0.00017950405500273244,\"contry_of_res_Brazil\":0.000774598672510354,\"contry_of_res_Burundi\":-0.0013935487315145923,\"contry_of_res_Canada\":-0.0041497818775278385,\"contry_of_res_China\":0.0005945430118297733,\"contry_of_res_Cyprus\":-0.002503543977001299,\"contry_of_res_Czech Republic\":4.160556636596644e-5,\"contry_of_res_Egypt\":3.668026400305633e-5,\"contry_of_res_Ethiopia\":2.2085968176630135e-5,\"contry_of_res_France\":-0.00579266477389569,\"contry_of_res_Germany\":0.00019382985444622752,\"contry_of_res_Hong Kong\":3.6142673674390016e-5,\"contry_of_res_Iceland\":9.901044453244397e-6,\"contry_of_res_India\":0.004053334891135093,\"contry_of_res_Indonesia\":-0.005605038510644733,\"contry_of_res_Iran\":-0.000548396767660592,\"contry_of_res_Iraq\":0.00023153865479957499,\"contry_of_res_Ireland\":0.00022567946752300415,\"contry_of_res_Italy\":-0.0007746352637666697,\"contry_of_res_Japan\":8.954879252556226e-6,\"contry_of_res_Jordan\":0.0011280461677312472,\"contry_of_res_Kazakhstan\":0.00020471558279469264,\"contry_of_res_Malaysia\":-0.0004605942607459436,\"contry_of_res_Mexico\":0.0007292742809531544,\"contry_of_res_Netherlands\":0.0003563443586118537,\"contry_of_res_New Zealand\":0.002093309043566612,\"contry_of_res_Nicaragua\":0.00016830909085988388,\"contry_of_res_Niger\":-0.00020281896864736933,\"contry_of_res_Oman\":-0.0010349316459304012,\"contry_of_res_Pakistan\":-0.0005047644120590848,\"contry_of_res_Romania\":0,\"contry_of_res_Russia\":0.00016271150162543589,\"contry_of_res_Saudi Arabia\":-0.00025175527568284053,\"contry_of_res_Serbia\":9.314976977781043e-7,\"contry_of_res_Sierra Leone\":1.1095909496910387e-5,\"contry_of_res_South Africa\":2.8197015100023684e-6,\"contry_of_res_Spain\":-0.0014011042377558018,\"contry_of_res_Sri Lanka\":0.0010314098369029957,\"contry_of_res_Sweden\":0.00014341688515714333,\"contry_of_res_Tonga\":0,\"contry_of_res_Ukraine\":-0.00046605178262154774,\"contry_of_res_United Arab Emirates\":0.0008128049364225453,\"contry_of_res_United Kingdom\":-0.0017541138249848164,\"contry_of_res_United States\":-0.033597606550972825,\"contry_of_res_Viet Nam\":-0.0003856489301982997,\"ethnicity_Asian\":-0.012000790850265357,\"ethnicity_Black\":0.0008663327020682022,\"ethnicity_Hispanic\":-0.002250844110150827,\"ethnicity_Latino\":-0.0006726250194689834,\"ethnicity_Middle Eastern \":-0.0003925290525192737,\"ethnicity_Others\":0.00027173227958636985,\"ethnicity_Pasifika\":-0.00412879912179511,\"ethnicity_South Asian\":-0.0035375203018504636,\"ethnicity_Turkish\":0.0011086887674125324,\"ethnicity_Unknown\":0.0036041412457286847,\"ethnicity_White-European\":-0.041955652652361404,\"ethnicity_others\":0,\"gender_Female\":-0.002087240410638266,\"gender_Male\":-0.004972182801215797,\"jaundice_no\":-0.009285870690979851,\"jaundice_yes\":-0.005140276836586998,\"relation_?\":0.0003788287400489533,\"relation_Health care professional\":-0.002158366252884213,\"relation_Others\":0.00012412230805251587,\"relation_Parent\":-0.009460985456461232,\"relation_Relative\":-0.004022307997674676,\"relation_Self\":-0.005054192166661319}'),
(33, 33, 5, 'Non-ASD', 'Total skor dari kuesioner adalah 5.', '{\"A10_Score\":-0.043782273774459896,\"A1_Score\":-0.015794240914038464,\"A2_Score\":0.01871811267885873,\"A3_Score\":0.0139178206137175,\"A4_Score\":0.03696331475554055,\"A5_Score\":-0.049315137617036466,\"A6_Score\":0.07470452633240363,\"A7_Score\":-0.05453712274215609,\"A8_Score\":0.019429370694035972,\"A9_Score\":-0.1151713985604928,\"age\":-0.05155876590493149,\"austim_no\":-0.02322425334895732,\"austim_yes\":-0.011156241726721763,\"contry_of_res_Afghanistan\":0.0009572593496381142,\"contry_of_res_AmericanSamoa\":3.199663807018201e-5,\"contry_of_res_Angola\":0,\"contry_of_res_Argentina\":0,\"contry_of_res_Armenia\":-0.0006533741735899559,\"contry_of_res_Aruba\":0.0002285909777653839,\"contry_of_res_Australia\":-0.004559801171660602,\"contry_of_res_Austria\":-0.0010229522373918828,\"contry_of_res_Azerbaijan\":-0.0004895161722073825,\"contry_of_res_Bahamas\":-0.0009476625600542371,\"contry_of_res_Bangladesh\":0.00020764026660312715,\"contry_of_res_Belgium\":2.0249984317398398e-5,\"contry_of_res_Bolivia\":-0.00037358336752170017,\"contry_of_res_Brazil\":0.000770211030255158,\"contry_of_res_Burundi\":-0.001252814948313221,\"contry_of_res_Canada\":-0.0026484630881182347,\"contry_of_res_China\":0.00034357232117926753,\"contry_of_res_Cyprus\":-0.0009666839186129263,\"contry_of_res_Czech Republic\":6.96487628709744e-5,\"contry_of_res_Egypt\":2.5773282288979998e-5,\"contry_of_res_Ethiopia\":0.00011854902414325792,\"contry_of_res_France\":-0.0008517621016444561,\"contry_of_res_Germany\":0.0002851356216999787,\"contry_of_res_Hong Kong\":2.4994385463907746e-5,\"contry_of_res_Iceland\":1.2501711344910187e-5,\"contry_of_res_India\":0.004448901856417341,\"contry_of_res_Indonesia\":-0.001412609582460471,\"contry_of_res_Iran\":-0.0005659798055980201,\"contry_of_res_Iraq\":0.0002350481379375397,\"contry_of_res_Ireland\":0.00012785925215563976,\"contry_of_res_Italy\":3.983872255519951e-5,\"contry_of_res_Japan\":5.48904155173437e-6,\"contry_of_res_Jordan\":0.0008940119539653104,\"contry_of_res_Kazakhstan\":0.0010758528275875592,\"contry_of_res_Malaysia\":-0.00041738947177346724,\"contry_of_res_Mexico\":9.747911032506848e-5,\"contry_of_res_Netherlands\":0.00035366497646195075,\"contry_of_res_New Zealand\":0.0035557235810410597,\"contry_of_res_Nicaragua\":0.0002000338635958065,\"contry_of_res_Niger\":0.00014768087651678195,\"contry_of_res_Oman\":-0.0017190152936499411,\"contry_of_res_Pakistan\":-0.00019896814221157175,\"contry_of_res_Romania\":0,\"contry_of_res_Russia\":0.00018820905239101378,\"contry_of_res_Saudi Arabia\":-0.0002057209335658233,\"contry_of_res_Serbia\":5.797933387962453e-6,\"contry_of_res_Sierra Leone\":8.95770944587777e-5,\"contry_of_res_South Africa\":2.5912075850180437e-6,\"contry_of_res_Spain\":-0.0004697116715247459,\"contry_of_res_Sri Lanka\":0.000653989327025128,\"contry_of_res_Sweden\":0.00015544633326433697,\"contry_of_res_Tonga\":0,\"contry_of_res_Ukraine\":-0.00040600293801328465,\"contry_of_res_United Arab Emirates\":0.0009623525224320423,\"contry_of_res_United Kingdom\":-0.0073370335123707576,\"contry_of_res_United States\":-0.02062922068169803,\"contry_of_res_Viet Nam\":-0.00031704376039672284,\"ethnicity_Asian\":0.001719839110126872,\"ethnicity_Black\":0.0008332443709011105,\"ethnicity_Hispanic\":-0.0023304263218467385,\"ethnicity_Latino\":-0.00045723887626471395,\"ethnicity_Middle Eastern \":-0.00182005827969945,\"ethnicity_Others\":0.00010526555770795262,\"ethnicity_Pasifika\":-0.0025208997425371854,\"ethnicity_South Asian\":0.0010513687872711944,\"ethnicity_Turkish\":0.0006933707799560849,\"ethnicity_Unknown\":0.004422678683291376,\"ethnicity_White-European\":-0.06114900762186955,\"ethnicity_others\":0,\"gender_Female\":-0.007425344684221091,\"gender_Male\":-0.008133851036161615,\"jaundice_no\":0.001536100219234456,\"jaundice_yes\":-0.008048244199459988,\"relation_?\":0.0002416486082489062,\"relation_Health care professional\":-0.002108380919661389,\"relation_Others\":7.103963744186803e-5,\"relation_Parent\":-0.006769611324187883,\"relation_Relative\":-0.0032002384528754782,\"relation_Self\":-0.0037681944921404108}'),
(34, 34, 5, 'Non-ASD', 'Total skor dari kuesioner adalah 5.', '{\"A10_Score\":-0.043039659873089296,\"A1_Score\":-0.03243521433047881,\"A2_Score\":0.02290185716656494,\"A3_Score\":-0.07066453662053473,\"A4_Score\":0.052698957057761786,\"A5_Score\":0.019451903723020476,\"A6_Score\":0.08726400535489874,\"A7_Score\":-0.043928344768889814,\"A8_Score\":-0.058405635637112936,\"A9_Score\":0.04021045694867377,\"age\":-0.04583922681251719,\"austim_no\":-0.017521212428369865,\"austim_yes\":-0.00872635870300684,\"contry_of_res_Afghanistan\":0.0007080979311410253,\"contry_of_res_AmericanSamoa\":2.652708765348246e-5,\"contry_of_res_Angola\":0,\"contry_of_res_Argentina\":0,\"contry_of_res_Armenia\":-0.000477347215326221,\"contry_of_res_Aruba\":4.1428441999425095e-5,\"contry_of_res_Australia\":-0.005465092259582944,\"contry_of_res_Austria\":-0.0008464595861912513,\"contry_of_res_Azerbaijan\":-0.0008365008944621967,\"contry_of_res_Bahamas\":-0.0010387125947837086,\"contry_of_res_Bangladesh\":0.00030299371558014407,\"contry_of_res_Belgium\":3.974015818652316e-6,\"contry_of_res_Bolivia\":-0.0007471159362068198,\"contry_of_res_Brazil\":0.0003898857328198986,\"contry_of_res_Burundi\":-0.0010333393799529188,\"contry_of_res_Canada\":-0.001271578308265305,\"contry_of_res_China\":0.0010586362409303704,\"contry_of_res_Cyprus\":-0.001262996550787236,\"contry_of_res_Czech Republic\":9.279928068677606e-5,\"contry_of_res_Egypt\":2.0631741967303352e-5,\"contry_of_res_Ethiopia\":6.004848741022841e-5,\"contry_of_res_France\":-0.00038593295166642033,\"contry_of_res_Germany\":0.00032629177164327536,\"contry_of_res_Hong Kong\":2.0159461872191953e-5,\"contry_of_res_Iceland\":1.520268712075241e-5,\"contry_of_res_India\":0.003796319124147021,\"contry_of_res_Indonesia\":0.00012380685667642355,\"contry_of_res_Iran\":-0.00013811304715471992,\"contry_of_res_Iraq\":0.0003451076364917794,\"contry_of_res_Ireland\":-0.00017197037630972386,\"contry_of_res_Italy\":-3.522506978524229e-5,\"contry_of_res_Japan\":6.247968452799651e-6,\"contry_of_res_Jordan\":0.0007003978543335444,\"contry_of_res_Kazakhstan\":0.0002719567886081533,\"contry_of_res_Malaysia\":-0.00041623217234654675,\"contry_of_res_Mexico\":6.0635810278802725e-5,\"contry_of_res_Netherlands\":0.0014131202113247267,\"contry_of_res_New Zealand\":0.004605666229207191,\"contry_of_res_Nicaragua\":0.00016740906766673784,\"contry_of_res_Niger\":-9.395051199608773e-5,\"contry_of_res_Oman\":-0.0013613527718748164,\"contry_of_res_Pakistan\":-0.00013933315081744214,\"contry_of_res_Romania\":0,\"contry_of_res_Russia\":0.00022656300455867605,\"contry_of_res_Saudi Arabia\":-0.0007482373167638119,\"contry_of_res_Serbia\":1.5161600649090929e-6,\"contry_of_res_Sierra Leone\":3.333137843494158e-5,\"contry_of_res_South Africa\":1.4780636740290077e-6,\"contry_of_res_Spain\":-1.6401418318027458e-6,\"contry_of_res_Sri Lanka\":0.0009041852305635099,\"contry_of_res_Sweden\":0.0007086299660309392,\"contry_of_res_Tonga\":0,\"contry_of_res_Ukraine\":-0.0002465229659135978,\"contry_of_res_United Arab Emirates\":0.0008037039045219833,\"contry_of_res_United Kingdom\":-0.003530309960957172,\"contry_of_res_United States\":-0.015245001928242827,\"contry_of_res_Viet Nam\":-0.00024412158533607933,\"ethnicity_Asian\":0.00010157444977978926,\"ethnicity_Black\":0.0012386430740321756,\"ethnicity_Hispanic\":-0.006278807563382915,\"ethnicity_Latino\":-0.0005285278559850661,\"ethnicity_Middle Eastern \":0.0025026021064136856,\"ethnicity_Others\":3.2385083785435454e-6,\"ethnicity_Pasifika\":-0.0004106438143175743,\"ethnicity_South Asian\":0.0016619037561965194,\"ethnicity_Turkish\":0.0006863726516456052,\"ethnicity_Unknown\":0.0024707725190234947,\"ethnicity_White-European\":-0.06294746362880564,\"ethnicity_others\":0,\"gender_Female\":-0.0042820283091173205,\"gender_Male\":-0.009609299249231158,\"jaundice_no\":-0.007517230826793826,\"jaundice_yes\":-0.0021818192312013027,\"relation_?\":0.00013359156402950457,\"relation_Health care professional\":-0.0004218813728350803,\"relation_Others\":5.140284584884233e-5,\"relation_Parent\":-0.005387525464902466,\"relation_Relative\":-0.002016377168815423,\"relation_Self\":0.00029197854065152954}'),
(35, 35, 5, 'Non-ASD', 'Total skor dari kuesioner adalah 5.', '{\"A10_Score\":-0.04016561480643261,\"A1_Score\":-0.0031475498994473117,\"A2_Score\":0.02136914014699189,\"A3_Score\":-0.056384348639935244,\"A4_Score\":0.03982336090064531,\"A5_Score\":0.011310371547857967,\"A6_Score\":0.09788612603034351,\"A7_Score\":-0.05799388857863557,\"A8_Score\":-0.055656650588987416,\"A9_Score\":0.046882627111348406,\"age\":-0.04048890902198823,\"austim_no\":-0.01857420714925022,\"austim_yes\":-0.012358845737410643,\"contry_of_res_Afghanistan\":0.0007715768924431691,\"contry_of_res_AmericanSamoa\":3.0107179788262702e-5,\"contry_of_res_Angola\":0,\"contry_of_res_Argentina\":0,\"contry_of_res_Armenia\":-0.0009671816458127188,\"contry_of_res_Aruba\":0.000225120582749838,\"contry_of_res_Australia\":-0.0060817707553482364,\"contry_of_res_Austria\":-0.0010626856202405495,\"contry_of_res_Azerbaijan\":-0.0003982238116483441,\"contry_of_res_Bahamas\":-0.0009096486052620182,\"contry_of_res_Bangladesh\":0.00021641901167539001,\"contry_of_res_Belgium\":7.357460423589171e-6,\"contry_of_res_Bolivia\":-0.0006076247886115918,\"contry_of_res_Brazil\":0.0007221901477180356,\"contry_of_res_Burundi\":-0.001250179334645936,\"contry_of_res_Canada\":-0.0010820459951132186,\"contry_of_res_China\":0.0011195023571072846,\"contry_of_res_Cyprus\":-0.000988427101832934,\"contry_of_res_Czech Republic\":0.00018751406772954767,\"contry_of_res_Egypt\":2.2771352337398955e-5,\"contry_of_res_Ethiopia\":5.401816415969138e-5,\"contry_of_res_France\":-0.00028188284301394046,\"contry_of_res_Germany\":0.00026519282915460064,\"contry_of_res_Hong Kong\":2.000955355209035e-5,\"contry_of_res_Iceland\":1.3913627247281137e-5,\"contry_of_res_India\":0.0024232940482025395,\"contry_of_res_Indonesia\":-0.0011077014771423315,\"contry_of_res_Iran\":4.6637933789380334e-5,\"contry_of_res_Iraq\":0.0003726625229101828,\"contry_of_res_Ireland\":-0.0002085765598252613,\"contry_of_res_Italy\":-0.00046590110334728506,\"contry_of_res_Japan\":3.3569882593272987e-6,\"contry_of_res_Jordan\":0.0005979160552128135,\"contry_of_res_Kazakhstan\":-4.029585392544634e-5,\"contry_of_res_Malaysia\":-0.00038943486541458366,\"contry_of_res_Mexico\":6.739823192336638e-5,\"contry_of_res_Netherlands\":0.0006140995124342548,\"contry_of_res_New Zealand\":0.005278745266781966,\"contry_of_res_Nicaragua\":0.00040710271623526273,\"contry_of_res_Niger\":-0.00019115445219306936,\"contry_of_res_Oman\":-0.002346230521026518,\"contry_of_res_Pakistan\":-0.000131091350272992,\"contry_of_res_Romania\":0,\"contry_of_res_Russia\":0.00021600396660937152,\"contry_of_res_Saudi Arabia\":-0.0007487995258786998,\"contry_of_res_Serbia\":6.597515575808513e-6,\"contry_of_res_Sierra Leone\":3.333137843494158e-5,\"contry_of_res_South Africa\":1.2441512124791137e-6,\"contry_of_res_Spain\":-0.00025738612548586944,\"contry_of_res_Sri Lanka\":0.0009802789397084467,\"contry_of_res_Sweden\":0.0002423658994181499,\"contry_of_res_Tonga\":0,\"contry_of_res_Ukraine\":-8.15221977469504e-5,\"contry_of_res_United Arab Emirates\":0.0008267439001148548,\"contry_of_res_United Kingdom\":-0.0025689001180931054,\"contry_of_res_United States\":-0.015377774155979154,\"contry_of_res_Viet Nam\":-0.0002994676241120642,\"ethnicity_Asian\":-0.01236623995936258,\"ethnicity_Black\":0.0023228378480578144,\"ethnicity_Hispanic\":-0.00607082797442405,\"ethnicity_Latino\":-0.00034626074420369024,\"ethnicity_Middle Eastern \":0.002673517346774826,\"ethnicity_Others\":0.0006414423254545111,\"ethnicity_Pasifika\":0.0007962584327910706,\"ethnicity_South Asian\":0.0012892079716281027,\"ethnicity_Turkish\":0.0005557534595183188,\"ethnicity_Unknown\":0.004067915434953313,\"ethnicity_White-European\":-0.057212819518597545,\"ethnicity_others\":0,\"gender_Female\":0.0021922247421494617,\"gender_Male\":-0.0007961796446444443,\"jaundice_no\":0.0007696630933889885,\"jaundice_yes\":0.006563674693282827,\"relation_?\":0.00012792571245566476,\"relation_Health care professional\":-0.0003999196295910363,\"relation_Others\":5.4172049301589926e-5,\"relation_Parent\":-0.006469420210875225,\"relation_Relative\":-0.002245919412249648,\"relation_Self\":0.004448948630770932}');
INSERT INTO `tb_result` (`id_result`, `id_input`, `total_score`, `hasil_prediksi`, `keterangan`, `feature_contributions`) VALUES
(36, 36, 6, 'Non-ASD', 'Total skor dari kuesioner adalah 6.', '{\"A10_Score\":0.006689253896008921,\"A1_Score\":-0.04213668201383205,\"A2_Score\":0.017479436577692856,\"A3_Score\":0.03307452836611825,\"A4_Score\":0.04328065553459243,\"A5_Score\":0.022414306277591597,\"A6_Score\":0.0671845132324069,\"A7_Score\":-0.04935681716800987,\"A8_Score\":-0.07353763711017353,\"A9_Score\":-0.1413399885092452,\"age\":-0.040718186421974466,\"austim_no\":-0.011594289282580422,\"austim_yes\":-0.005386203739667322,\"contry_of_res_Afghanistan\":0.000756592559098047,\"contry_of_res_AmericanSamoa\":3.24645101481358e-5,\"contry_of_res_Angola\":0,\"contry_of_res_Argentina\":0,\"contry_of_res_Armenia\":-0.0006463040147236624,\"contry_of_res_Aruba\":8.984711279987217e-5,\"contry_of_res_Australia\":-0.003332648693819918,\"contry_of_res_Austria\":-0.0004664223941512655,\"contry_of_res_Azerbaijan\":-0.0008208447735630285,\"contry_of_res_Bahamas\":-0.0018011829043959931,\"contry_of_res_Bangladesh\":0.0003986073712246387,\"contry_of_res_Belgium\":4.7227865755941055e-6,\"contry_of_res_Bolivia\":-0.0008398092242186592,\"contry_of_res_Brazil\":0.00042761313352066157,\"contry_of_res_Burundi\":-0.0011018143435065169,\"contry_of_res_Canada\":-0.001639888649379694,\"contry_of_res_China\":0.0005779659309678732,\"contry_of_res_Cyprus\":-0.0007373244136391278,\"contry_of_res_Czech Republic\":9.310763999601915e-5,\"contry_of_res_Egypt\":2.6601272143059334e-5,\"contry_of_res_Ethiopia\":0.0007681643031919788,\"contry_of_res_France\":-0.00016309335258725313,\"contry_of_res_Germany\":0.00032897623941291937,\"contry_of_res_Hong Kong\":2.861302947590511e-5,\"contry_of_res_Iceland\":9.559281902985716e-6,\"contry_of_res_India\":0.005038478757436606,\"contry_of_res_Indonesia\":-0.0010981826663295096,\"contry_of_res_Iran\":-3.091889396870736e-5,\"contry_of_res_Iraq\":0.000300814834983698,\"contry_of_res_Ireland\":-7.1610953277856955e-6,\"contry_of_res_Italy\":6.914679450962011e-5,\"contry_of_res_Japan\":1.15200426582292e-5,\"contry_of_res_Jordan\":0.0007987761825254381,\"contry_of_res_Kazakhstan\":0.00037196813936425324,\"contry_of_res_Malaysia\":-0.0004448066138572276,\"contry_of_res_Mexico\":9.471695785548436e-5,\"contry_of_res_Netherlands\":0.0028644868329978134,\"contry_of_res_New Zealand\":0.003584272445669251,\"contry_of_res_Nicaragua\":0.000200155941216607,\"contry_of_res_Niger\":-1.7576667361992192e-5,\"contry_of_res_Oman\":-0.0011427556171804845,\"contry_of_res_Pakistan\":-0.0001650119985906496,\"contry_of_res_Romania\":0,\"contry_of_res_Russia\":0.0005970856392082606,\"contry_of_res_Saudi Arabia\":-0.00022071715640198587,\"contry_of_res_Serbia\":9.320249453729686e-7,\"contry_of_res_Sierra Leone\":0.0001597249538353227,\"contry_of_res_South Africa\":2.5330587345833473e-6,\"contry_of_res_Spain\":-0.0003351722548772974,\"contry_of_res_Sri Lanka\":0.0011765256976249505,\"contry_of_res_Sweden\":0.00013872053977087733,\"contry_of_res_Tonga\":0,\"contry_of_res_Ukraine\":-0.0002639811646323253,\"contry_of_res_United Arab Emirates\":0.0010062980748083783,\"contry_of_res_United Kingdom\":-0.004883696322475623,\"contry_of_res_United States\":-0.02618030881425146,\"contry_of_res_Viet Nam\":-0.00025843729324317197,\"ethnicity_Asian\":-0.007953103942816571,\"ethnicity_Black\":0.001441151676986499,\"ethnicity_Hispanic\":-0.0021842731474660867,\"ethnicity_Latino\":-0.0008049049836913887,\"ethnicity_Middle Eastern \":0.00022892567881381608,\"ethnicity_Others\":0.0002598959917121698,\"ethnicity_Pasifika\":-0.0026124190704427505,\"ethnicity_South Asian\":0.001578082887999766,\"ethnicity_Turkish\":0.00048704556314557723,\"ethnicity_Unknown\":0.0077508539755804275,\"ethnicity_White-European\":-0.08130530257136703,\"ethnicity_others\":0,\"gender_Female\":-0.0056433843528080055,\"gender_Male\":-0.00948548444470284,\"jaundice_no\":-0.0037537325028887104,\"jaundice_yes\":-0.0016418906556238976,\"relation_?\":0.00030450795651684975,\"relation_Health care professional\":-0.0007633566531849756,\"relation_Others\":7.750250527293314e-5,\"relation_Parent\":0.00017526202188591181,\"relation_Relative\":-0.0010269694644811837,\"relation_Self\":-0.003515097089665929}'),
(37, 37, 4, 'Non-ASD', 'Total skor dari kuesioner adalah 4.', '{\"A10_Score\":-0.020873250248350954,\"A1_Score\":-0.031187406962906797,\"A2_Score\":-0.03617156238081437,\"A3_Score\":-0.05883925200472967,\"A4_Score\":0.03523046313052658,\"A5_Score\":0.019868256614485356,\"A6_Score\":0.07963392004852438,\"A7_Score\":-0.06586941066912137,\"A8_Score\":0.02328831638094139,\"A9_Score\":-0.1041771051763648,\"age\":-0.031231081305411214,\"austim_no\":0.053865291517195386,\"austim_yes\":0.04583902397538647,\"contry_of_res_Afghanistan\":0.001113597753439851,\"contry_of_res_AmericanSamoa\":1.987363174386727e-5,\"contry_of_res_Angola\":0,\"contry_of_res_Argentina\":0,\"contry_of_res_Armenia\":-0.00030374200033662035,\"contry_of_res_Aruba\":3.330928039864993e-5,\"contry_of_res_Australia\":-0.0012308143982205154,\"contry_of_res_Austria\":-0.0004916623364463405,\"contry_of_res_Azerbaijan\":-0.00022867143205253484,\"contry_of_res_Bahamas\":-0.001960214312710121,\"contry_of_res_Bangladesh\":0.0002616781885883746,\"contry_of_res_Belgium\":7.182023923776611e-6,\"contry_of_res_Bolivia\":-0.0003031017684377638,\"contry_of_res_Brazil\":0.00032488963756615197,\"contry_of_res_Burundi\":-0.0008822655990106398,\"contry_of_res_Canada\":-0.006820817956416539,\"contry_of_res_China\":0.0004398998503251284,\"contry_of_res_Cyprus\":-0.0005614862738007173,\"contry_of_res_Czech Republic\":3.7896744867968186e-5,\"contry_of_res_Egypt\":2.039407891913614e-5,\"contry_of_res_Ethiopia\":9.535139858863889e-5,\"contry_of_res_France\":-0.0005097099363617114,\"contry_of_res_Germany\":0.0003251826706678602,\"contry_of_res_Hong Kong\":3.0113629008929647e-5,\"contry_of_res_Iceland\":1.949833852320972e-5,\"contry_of_res_India\":0.003401874658216361,\"contry_of_res_Indonesia\":0.001467915628544184,\"contry_of_res_Iran\":-1.4610342145778078e-5,\"contry_of_res_Iraq\":0.000662241969638104,\"contry_of_res_Ireland\":0.00015897733814128516,\"contry_of_res_Italy\":0.00010240657531421072,\"contry_of_res_Japan\":4.109033463253819e-6,\"contry_of_res_Jordan\":0.001072658408757889,\"contry_of_res_Kazakhstan\":1.650368813376594e-5,\"contry_of_res_Malaysia\":-0.00013293702790398594,\"contry_of_res_Mexico\":0.00010335289384090969,\"contry_of_res_Netherlands\":-0.0009161897196823887,\"contry_of_res_New Zealand\":0.004157424529492968,\"contry_of_res_Nicaragua\":0.0003701476744860838,\"contry_of_res_Niger\":3.471781504949774e-5,\"contry_of_res_Oman\":-0.0005363183306429538,\"contry_of_res_Pakistan\":-4.209673889038452e-5,\"contry_of_res_Romania\":0,\"contry_of_res_Russia\":0.00021954225466601588,\"contry_of_res_Saudi Arabia\":-0.004106007681745854,\"contry_of_res_Serbia\":1.133811764083185e-6,\"contry_of_res_Sierra Leone\":5.4136927130371625e-5,\"contry_of_res_South Africa\":1.4571955531636578e-6,\"contry_of_res_Spain\":-0.00014844764525558227,\"contry_of_res_Sri Lanka\":0.0024170260709104837,\"contry_of_res_Sweden\":0.00032966148440195033,\"contry_of_res_Tonga\":0,\"contry_of_res_Ukraine\":-0.000198832548697873,\"contry_of_res_United Arab Emirates\":0.000990261456458383,\"contry_of_res_United Kingdom\":-0.0058457681433767734,\"contry_of_res_United States\":-0.012114136457541672,\"contry_of_res_Viet Nam\":-0.000465905462836095,\"ethnicity_Asian\":-0.035913948459771305,\"ethnicity_Black\":3.62090331863827e-5,\"ethnicity_Hispanic\":-0.0016338919334327273,\"ethnicity_Latino\":-0.0005554679358717582,\"ethnicity_Middle Eastern \":0.001994145827480432,\"ethnicity_Others\":0.00188729123351636,\"ethnicity_Pasifika\":-0.0022684357234522014,\"ethnicity_South Asian\":0.000752104240358266,\"ethnicity_Turkish\":0.0004970553849396037,\"ethnicity_Unknown\":0.003769855210033372,\"ethnicity_White-European\":-0.053843608681498664,\"ethnicity_others\":0,\"gender_Female\":-0.0004132616103959973,\"gender_Male\":0.007087153297547389,\"jaundice_no\":-0.0070604228356007034,\"jaundice_yes\":-0.0006471410621333558,\"relation_?\":0.00017821518814915572,\"relation_Health care professional\":-0.0006409622102037323,\"relation_Others\":7.740015588084073e-5,\"relation_Parent\":-8.985955717482857e-5,\"relation_Relative\":-0.0009549661428222448,\"relation_Self\":-0.0010872150831064196}');

-- --------------------------------------------------------

--
-- Table structure for table `tb_user`
--

CREATE TABLE `tb_user` (
  `id` int(11) NOT NULL,
  `username` varchar(50) NOT NULL,
  `email` varchar(100) DEFAULT NULL,
  `password` varchar(255) NOT NULL,
  `role` enum('admin','user') DEFAULT 'user',
  `photo` varchar(255) DEFAULT NULL
) ENGINE=InnoDB DEFAULT CHARSET=utf8mb4 COLLATE=utf8mb4_general_ci;

--
-- Dumping data for table `tb_user`
--

INSERT INTO `tb_user` (`id`, `username`, `email`, `password`, `role`, `photo`) VALUES
(4, 'tes', 'lizardius01@gmail.com', '$2y$10$NWSCYNNECRAW2xJc9Ivdbe.wcoABh5IhsD.RhzSXwcpx/JKDQRx0.', 'user', 'uploads/profiles/user_4_1749639402.png'),
(5, 'duha', 'duhanp17@gmail.com', '$2y$10$1AvkpFO6Q9/TEkBdCBjvjutgvxykDi58Kowz9VgS9cUlOeyAsPTni', 'admin', 'uploads/profiles/user_5_1749640657.jpg'),
(6, 'den', 'enduregenlo@gmail.com', '$2y$10$t/40U1yeyuueprgK63IpE.viztcsNjZCY7rQftAaZnY5kxGbDplDW', 'user', 'uploads/profiles/user_6_1749840634.png');

--
-- Indexes for dumped tables
--

--
-- Indexes for table `tb_answer`
--
ALTER TABLE `tb_answer`
  ADD PRIMARY KEY (`id_answer`),
  ADD KEY `id_input` (`id_input`),
  ADD KEY `id_question` (`id_question`);

--
-- Indexes for table `tb_input`
--
ALTER TABLE `tb_input`
  ADD PRIMARY KEY (`id_input`),
  ADD KEY `id_user` (`id_user`);

--
-- Indexes for table `tb_model`
--
ALTER TABLE `tb_model`
  ADD PRIMARY KEY (`id_model`),
  ADD KEY `uploaded_by` (`uploaded_by`);

--
-- Indexes for table `tb_password_resets`
--
ALTER TABLE `tb_password_resets`
  ADD PRIMARY KEY (`id`),
  ADD UNIQUE KEY `token` (`token`),
  ADD KEY `user_id` (`user_id`);

--
-- Indexes for table `tb_question`
--
ALTER TABLE `tb_question`
  ADD PRIMARY KEY (`id_question`);

--
-- Indexes for table `tb_result`
--
ALTER TABLE `tb_result`
  ADD PRIMARY KEY (`id_result`),
  ADD KEY `id_input` (`id_input`);

--
-- Indexes for table `tb_user`
--
ALTER TABLE `tb_user`
  ADD PRIMARY KEY (`id`),
  ADD UNIQUE KEY `username` (`username`),
  ADD UNIQUE KEY `email` (`email`);

--
-- AUTO_INCREMENT for dumped tables
--

--
-- AUTO_INCREMENT for table `tb_answer`
--
ALTER TABLE `tb_answer`
  MODIFY `id_answer` int(11) NOT NULL AUTO_INCREMENT, AUTO_INCREMENT=371;

--
-- AUTO_INCREMENT for table `tb_input`
--
ALTER TABLE `tb_input`
  MODIFY `id_input` int(11) NOT NULL AUTO_INCREMENT, AUTO_INCREMENT=38;

--
-- AUTO_INCREMENT for table `tb_model`
--
ALTER TABLE `tb_model`
  MODIFY `id_model` int(11) NOT NULL AUTO_INCREMENT, AUTO_INCREMENT=4;

--
-- AUTO_INCREMENT for table `tb_password_resets`
--
ALTER TABLE `tb_password_resets`
  MODIFY `id` int(11) NOT NULL AUTO_INCREMENT, AUTO_INCREMENT=16;

--
-- AUTO_INCREMENT for table `tb_question`
--
ALTER TABLE `tb_question`
  MODIFY `id_question` int(11) NOT NULL AUTO_INCREMENT, AUTO_INCREMENT=11;

--
-- AUTO_INCREMENT for table `tb_result`
--
ALTER TABLE `tb_result`
  MODIFY `id_result` int(11) NOT NULL AUTO_INCREMENT, AUTO_INCREMENT=38;

--
-- AUTO_INCREMENT for table `tb_user`
--
ALTER TABLE `tb_user`
  MODIFY `id` int(11) NOT NULL AUTO_INCREMENT, AUTO_INCREMENT=7;

--
-- Constraints for dumped tables
--

--
-- Constraints for table `tb_answer`
--
ALTER TABLE `tb_answer`
  ADD CONSTRAINT `tb_answer_ibfk_1` FOREIGN KEY (`id_input`) REFERENCES `tb_input` (`id_input`),
  ADD CONSTRAINT `tb_answer_ibfk_2` FOREIGN KEY (`id_question`) REFERENCES `tb_question` (`id_question`);

--
-- Constraints for table `tb_input`
--
ALTER TABLE `tb_input`
  ADD CONSTRAINT `tb_input_ibfk_1` FOREIGN KEY (`id_user`) REFERENCES `tb_user` (`id`);

--
-- Constraints for table `tb_model`
--
ALTER TABLE `tb_model`
  ADD CONSTRAINT `tb_model_ibfk_1` FOREIGN KEY (`uploaded_by`) REFERENCES `tb_user` (`id`);

--
-- Constraints for table `tb_password_resets`
--
ALTER TABLE `tb_password_resets`
  ADD CONSTRAINT `tb_password_resets_ibfk_1` FOREIGN KEY (`user_id`) REFERENCES `tb_user` (`id`) ON DELETE CASCADE;

--
-- Constraints for table `tb_result`
--
ALTER TABLE `tb_result`
  ADD CONSTRAINT `tb_result_ibfk_1` FOREIGN KEY (`id_input`) REFERENCES `tb_input` (`id_input`);
COMMIT;

/*!40101 SET CHARACTER_SET_CLIENT=@OLD_CHARACTER_SET_CLIENT */;
/*!40101 SET CHARACTER_SET_RESULTS=@OLD_CHARACTER_SET_RESULTS */;
/*!40101 SET COLLATION_CONNECTION=@OLD_COLLATION_CONNECTION */;
